"RBP_Length","TBD_length","mutation_rate"
6,10,"4.385009e-09"
6,11,"4.312346e-09"
6,12,"4.240892e-09"
6,13,"4.170632e-09"
6,14,"4.101552e-09"
6,15,"4.033636e-09"
6,16,"3.966869e-09"
6,17,"3.901236e-09"
6,18,"3.836722e-09"
6,19,"3.773313e-09"
6,20,"3.710992e-09"
6,21,"3.649746e-09"
6,22,"3.589560e-09"
6,23,"3.530419e-09"
6,24,"3.472308e-09"
6,25,"3.415212e-09"
6,26,"3.359118e-09"
6,27,"3.304010e-09"
6,28,"3.249875e-09"
6,29,"3.196698e-09"
6,30,"3.144465e-09"
6,31,"3.093162e-09"
6,32,"3.042775e-09"
6,33,"2.993290e-09"
6,34,"2.944693e-09"
6,35,"2.896972e-09"
6,36,"2.850112e-09"
6,37,"2.804101e-09"
6,38,"2.758924e-09"
6,39,"2.714569e-09"
6,40,"2.671023e-09"
6,41,"2.628273e-09"
6,42,"2.586306e-09"
6,43,"2.545110e-09"
6,44,"2.504673e-09"
6,45,"2.464982e-09"
6,46,"2.426024e-09"
6,47,"2.387789e-09"
6,48,"2.350264e-09"
6,49,"2.313437e-09"
6,50,"2.277297e-09"
6,51,"2.241832e-09"
6,52,"2.207029e-09"
6,53,"2.172872e-09"
6,54,"2.139350e-09"
6,55,"2.106448e-09"
6,56,"2.074153e-09"
6,57,"2.042453e-09"
6,58,"2.011336e-09"
6,59,"1.980789e-09"
6,60,"1.950800e-09"
6,61,"1.921358e-09"
6,62,"1.892452e-09"
6,63,"1.864071e-09"
6,64,"1.836203e-09"
6,65,"1.808839e-09"
6,66,"1.781968e-09"
6,67,"1.755580e-09"
6,68,"1.729665e-09"
6,69,"1.704213e-09"
6,70,"1.679215e-09"
6,71,"1.654663e-09"
6,72,"1.630546e-09"
6,73,"1.606856e-09"
6,74,"1.583585e-09"
6,75,"1.560724e-09"
6,76,"1.538265e-09"
6,77,"1.516199e-09"
6,78,"1.494520e-09"
6,79,"1.473219e-09"
6,80,"1.452289e-09"
6,81,"1.431722e-09"
6,82,"1.411511e-09"
6,83,"1.391650e-09"
6,84,"1.372131e-09"
6,85,"1.352948e-09"
6,86,"1.334094e-09"
6,87,"1.315562e-09"
6,88,"1.297347e-09"
6,89,"1.279442e-09"
6,90,"1.261841e-09"
6,91,"1.244538e-09"
6,92,"1.227528e-09"
6,93,"1.210804e-09"
6,94,"1.194362e-09"
6,95,"1.178196e-09"
6,96,"1.162300e-09"
6,97,"1.146670e-09"
6,98,"1.131300e-09"
6,99,"1.116185e-09"
6,100,"1.101321e-09"
6,101,"1.086702e-09"
6,102,"1.072325e-09"
6,103,"1.058184e-09"
6,104,"1.044275e-09"
6,105,"1.030593e-09"
6,106,"1.017136e-09"
6,107,"1.003897e-09"
6,108,"9.908736e-10"
6,109,"9.780612e-10"
6,110,"9.654560e-10"
6,111,"9.530541e-10"
6,112,"9.408517e-10"
6,113,"9.288452e-10"
6,114,"9.170310e-10"
6,115,"9.054054e-10"
6,116,"8.939650e-10"
6,117,"8.827064e-10"
6,118,"8.716264e-10"
6,119,"8.607215e-10"
6,120,"8.499887e-10"
6,121,"8.394248e-10"
6,122,"8.290267e-10"
6,123,"8.187914e-10"
6,124,"8.087161e-10"
6,125,"7.987977e-10"
6,126,"7.890335e-10"
6,127,"7.794206e-10"
6,128,"7.699565e-10"
6,129,"7.606384e-10"
6,130,"7.514637e-10"
6,131,"7.424299e-10"
6,132,"7.335344e-10"
6,133,"7.247748e-10"
6,134,"7.161487e-10"
6,135,"7.076538e-10"
6,136,"6.992877e-10"
6,137,"6.910481e-10"
6,138,"6.829329e-10"
6,139,"6.749398e-10"
6,140,"6.670668e-10"
6,141,"6.593116e-10"
6,142,"6.516724e-10"
6,143,"6.441470e-10"
6,144,"6.367335e-10"
6,145,"6.294300e-10"
6,146,"6.222345e-10"
6,147,"6.151452e-10"
6,148,"6.081603e-10"
6,149,"6.012780e-10"
6,150,"5.944965e-10"
6,151,"5.878141e-10"
6,152,"5.812291e-10"
6,153,"5.747398e-10"
6,154,"5.683447e-10"
6,155,"5.620421e-10"
6,156,"5.558305e-10"
6,157,"5.497084e-10"
6,158,"5.436741e-10"
6,159,"5.377263e-10"
6,160,"5.318636e-10"
6,161,"5.260844e-10"
6,162,"5.203874e-10"
6,163,"5.147712e-10"
6,164,"5.092345e-10"
6,165,"5.037759e-10"
6,166,"4.983942e-10"
6,167,"4.930881e-10"
6,168,"4.878564e-10"
6,169,"4.826978e-10"
6,170,"4.776111e-10"
6,171,"4.725951e-10"
6,172,"4.676488e-10"
6,173,"4.627709e-10"
6,174,"4.579603e-10"
6,175,"4.532160e-10"
6,176,"4.485369e-10"
6,177,"4.439219e-10"
6,178,"4.393699e-10"
6,179,"4.348801e-10"
6,180,"4.304513e-10"
6,181,"4.260826e-10"
6,182,"4.217730e-10"
6,183,"4.175216e-10"
6,184,"4.133275e-10"
6,185,"4.091897e-10"
6,186,"4.051074e-10"
6,187,"4.010796e-10"
6,188,"3.971056e-10"
6,189,"3.931844e-10"
6,190,"3.893152e-10"
6,191,"3.854973e-10"
6,192,"3.817297e-10"
6,193,"3.780118e-10"
6,194,"3.743427e-10"
6,195,"3.707217e-10"
6,196,"3.671481e-10"
6,197,"3.636210e-10"
6,198,"3.601398e-10"
6,199,"3.567038e-10"
6,200,"3.533123e-10"
6,201,"3.499645e-10"
6,202,"3.466599e-10"
6,203,"3.433977e-10"
6,204,"3.401773e-10"
6,205,"3.369981e-10"
6,206,"3.338594e-10"
6,207,"3.307607e-10"
6,208,"3.277012e-10"
6,209,"3.246805e-10"
6,210,"3.216980e-10"
6,211,"3.187529e-10"
6,212,"3.158449e-10"
6,213,"3.129733e-10"
6,214,"3.101376e-10"
6,215,"3.073373e-10"
6,216,"3.045718e-10"
6,217,"3.018406e-10"
6,218,"2.991432e-10"
6,219,"2.964791e-10"
6,220,"2.938478e-10"
6,221,"2.912488e-10"
6,222,"2.886816e-10"
6,223,"2.861459e-10"
6,224,"2.836410e-10"
6,225,"2.811666e-10"
6,226,"2.787222e-10"
6,227,"2.763074e-10"
6,228,"2.739217e-10"
6,229,"2.715647e-10"
6,230,"2.692361e-10"
6,231,"2.669353e-10"
6,232,"2.646620e-10"
6,233,"2.624158e-10"
6,234,"2.601963e-10"
6,235,"2.580032e-10"
6,236,"2.558359e-10"
6,237,"2.536943e-10"
6,238,"2.515778e-10"
6,239,"2.494862e-10"
6,240,"2.474190e-10"
6,241,"2.453761e-10"
6,242,"2.433569e-10"
6,243,"2.413611e-10"
6,244,"2.393885e-10"
6,245,"2.374387e-10"
6,246,"2.355114e-10"
6,247,"2.336062e-10"
6,248,"2.317230e-10"
6,249,"2.298612e-10"
6,250,"2.280207e-10"
6,251,"2.262012e-10"
6,252,"2.244023e-10"
6,253,"2.226238e-10"
6,254,"2.208654e-10"
6,255,"2.191268e-10"
6,256,"2.174077e-10"
6,257,"2.157079e-10"
6,258,"2.140271e-10"
6,259,"2.123651e-10"
6,260,"2.107216e-10"
6,261,"2.090963e-10"
6,262,"2.074889e-10"
6,263,"2.058994e-10"
6,264,"2.043273e-10"
6,265,"2.027725e-10"
6,266,"2.012347e-10"
6,267,"1.997137e-10"
6,268,"1.982093e-10"
6,269,"1.967212e-10"
6,270,"1.952493e-10"
6,271,"1.937933e-10"
6,272,"1.923530e-10"
6,273,"1.909281e-10"
6,274,"1.895186e-10"
6,275,"1.881241e-10"
6,276,"1.867445e-10"
6,277,"1.853796e-10"
6,278,"1.840292e-10"
6,279,"1.826931e-10"
6,280,"1.813711e-10"
6,281,"1.800630e-10"
6,282,"1.787686e-10"
6,283,"1.774878e-10"
6,284,"1.762204e-10"
6,285,"1.749662e-10"
6,286,"1.737250e-10"
6,287,"1.724967e-10"
6,288,"1.712811e-10"
6,289,"1.700780e-10"
6,290,"1.688873e-10"
6,291,"1.677088e-10"
6,292,"1.665423e-10"
6,293,"1.653877e-10"
6,294,"1.642449e-10"
6,295,"1.631136e-10"
6,296,"1.619938e-10"
6,297,"1.608853e-10"
6,298,"1.597880e-10"
6,299,"1.587017e-10"
6,300,"1.576262e-10"
6,301,"1.565614e-10"
6,302,"1.555073e-10"
6,303,"1.544636e-10"
6,304,"1.534302e-10"
6,305,"1.524071e-10"
6,306,"1.513940e-10"
6,307,"1.503908e-10"
6,308,"1.493975e-10"
6,309,"1.484138e-10"
6,310,"1.474398e-10"
6,311,"1.464751e-10"
6,312,"1.455199e-10"
6,313,"1.445738e-10"
6,314,"1.436368e-10"
6,315,"1.427088e-10"
6,316,"1.417897e-10"
6,317,"1.408794e-10"
6,318,"1.399778e-10"
6,319,"1.390846e-10"
6,320,"1.382000e-10"
6,321,"1.373237e-10"
6,322,"1.364556e-10"
6,323,"1.355956e-10"
6,324,"1.347437e-10"
6,325,"1.338998e-10"
6,326,"1.330637e-10"
6,327,"1.322353e-10"
6,328,"1.314146e-10"
6,329,"1.306015e-10"
6,330,"1.297958e-10"
6,331,"1.289975e-10"
6,332,"1.282065e-10"
6,333,"1.274227e-10"
6,334,"1.266461e-10"
6,335,"1.258764e-10"
6,336,"1.251137e-10"
6,337,"1.243579e-10"
6,338,"1.236088e-10"
6,339,"1.228665e-10"
6,340,"1.221307e-10"
6,341,"1.214015e-10"
6,342,"1.206788e-10"
6,343,"1.199625e-10"
6,344,"1.192524e-10"
6,345,"1.185486e-10"
6,346,"1.178510e-10"
6,347,"1.171595e-10"
6,348,"1.164739e-10"
6,349,"1.157943e-10"
6,350,"1.151206e-10"
6,351,"1.144527e-10"
6,352,"1.137906e-10"
6,353,"1.131341e-10"
6,354,"1.124832e-10"
6,355,"1.118378e-10"
6,356,"1.111980e-10"
6,357,"1.105635e-10"
6,358,"1.099344e-10"
6,359,"1.093106e-10"
6,360,"1.086920e-10"
6,361,"1.080785e-10"
6,362,"1.074702e-10"
6,363,"1.068669e-10"
6,364,"1.062686e-10"
6,365,"1.056752e-10"
6,366,"1.050867e-10"
6,367,"1.045031e-10"
6,368,"1.039241e-10"
6,369,"1.033499e-10"
6,370,"1.027804e-10"
6,371,"1.022154e-10"
6,372,"1.016550e-10"
6,373,"1.010991e-10"
6,374,"1.005476e-10"
6,375,"1.000005e-10"
6,376,"9.945777e-11"
6,377,"9.891933e-11"
6,378,"9.838513e-11"
6,379,"9.785513e-11"
6,380,"9.732927e-11"
6,381,"9.680752e-11"
6,382,"9.628983e-11"
6,383,"9.577615e-11"
6,384,"9.526643e-11"
6,385,"9.476064e-11"
6,386,"9.425872e-11"
6,387,"9.376063e-11"
6,388,"9.326634e-11"
6,389,"9.277579e-11"
6,390,"9.228895e-11"
6,391,"9.180577e-11"
6,392,"9.132622e-11"
6,393,"9.085025e-11"
6,394,"9.037783e-11"
6,395,"8.990891e-11"
6,396,"8.944346e-11"
6,397,"8.898143e-11"
6,398,"8.852279e-11"
6,399,"8.806750e-11"
6,400,"8.761553e-11"
6,401,"8.716683e-11"
6,402,"8.672138e-11"
6,403,"8.627913e-11"
6,404,"8.584005e-11"
6,405,"8.540411e-11"
6,406,"8.497127e-11"
6,407,"8.454150e-11"
6,408,"8.411476e-11"
6,409,"8.369102e-11"
6,410,"8.327025e-11"
6,411,"8.285242e-11"
6,412,"8.243748e-11"
6,413,"8.202542e-11"
6,414,"8.161620e-11"
6,415,"8.120979e-11"
6,416,"8.080616e-11"
6,417,"8.040527e-11"
6,418,"8.000711e-11"
6,419,"7.961163e-11"
6,420,"7.921882e-11"
6,421,"7.882863e-11"
6,422,"7.844105e-11"
6,423,"7.805604e-11"
6,424,"7.767358e-11"
6,425,"7.729364e-11"
6,426,"7.691620e-11"
6,427,"7.654122e-11"
6,428,"7.616868e-11"
6,429,"7.579855e-11"
6,430,"7.543081e-11"
6,431,"7.506543e-11"
6,432,"7.470238e-11"
6,433,"7.434165e-11"
6,434,"7.398321e-11"
6,435,"7.362702e-11"
6,436,"7.327308e-11"
6,437,"7.292135e-11"
6,438,"7.257181e-11"
6,439,"7.222444e-11"
6,440,"7.187922e-11"
6,441,"7.153611e-11"
6,442,"7.119511e-11"
6,443,"7.085618e-11"
6,444,"7.051931e-11"
6,445,"7.018447e-11"
6,446,"6.985165e-11"
6,447,"6.952081e-11"
6,448,"6.919195e-11"
6,449,"6.886503e-11"
6,450,"6.854004e-11"
6,451,"6.821697e-11"
6,452,"6.789578e-11"
6,453,"6.757646e-11"
6,454,"6.725898e-11"
6,455,"6.694334e-11"
6,456,"6.662951e-11"
6,457,"6.631747e-11"
6,458,"6.600721e-11"
6,459,"6.569870e-11"
6,460,"6.539193e-11"
6,461,"6.508687e-11"
6,462,"6.478352e-11"
6,463,"6.448185e-11"
6,464,"6.418184e-11"
6,465,"6.388348e-11"
6,466,"6.358676e-11"
6,467,"6.329165e-11"
6,468,"6.299814e-11"
6,469,"6.270621e-11"
6,470,"6.241584e-11"
6,471,"6.212703e-11"
6,472,"6.183975e-11"
6,473,"6.155398e-11"
6,474,"6.126972e-11"
6,475,"6.098695e-11"
6,476,"6.070564e-11"
6,477,"6.042580e-11"
6,478,"6.014740e-11"
6,479,"5.987042e-11"
6,480,"5.959486e-11"
6,481,"5.932069e-11"
6,482,"5.904791e-11"
6,483,"5.877650e-11"
6,484,"5.850645e-11"
6,485,"5.823774e-11"
6,486,"5.797036e-11"
6,487,"5.770430e-11"
6,488,"5.743954e-11"
6,489,"5.717607e-11"
6,490,"5.691388e-11"
6,491,"5.665295e-11"
6,492,"5.639328e-11"
6,493,"5.613484e-11"
6,494,"5.587763e-11"
6,495,"5.562164e-11"
6,496,"5.536685e-11"
6,497,"5.511325e-11"
6,498,"5.486083e-11"
6,499,"5.460958e-11"
6,500,"5.435949e-11"
7,10,"1.656343e-08"
7,11,"1.628896e-08"
7,12,"1.601906e-08"
7,13,"1.575367e-08"
7,14,"1.549274e-08"
7,15,"1.523620e-08"
7,16,"1.498400e-08"
7,17,"1.473608e-08"
7,18,"1.449240e-08"
7,19,"1.425288e-08"
7,20,"1.401748e-08"
7,21,"1.378614e-08"
7,22,"1.355880e-08"
7,23,"1.333540e-08"
7,24,"1.311590e-08"
7,25,"1.290023e-08"
7,26,"1.268835e-08"
7,27,"1.248019e-08"
7,28,"1.227571e-08"
7,29,"1.207484e-08"
7,30,"1.187754e-08"
7,31,"1.168376e-08"
7,32,"1.149343e-08"
7,33,"1.130651e-08"
7,34,"1.112295e-08"
7,35,"1.094269e-08"
7,36,"1.076569e-08"
7,37,"1.059189e-08"
7,38,"1.042124e-08"
7,39,"1.025370e-08"
7,40,"1.008922e-08"
7,41,"9.927738e-09"
7,42,"9.769218e-09"
7,43,"9.613609e-09"
7,44,"9.460865e-09"
7,45,"9.310940e-09"
7,46,"9.163787e-09"
7,47,"9.019362e-09"
7,48,"8.877618e-09"
7,49,"8.738513e-09"
7,50,"8.602003e-09"
7,51,"8.468042e-09"
7,52,"8.336578e-09"
7,53,"8.207560e-09"
7,54,"8.080936e-09"
7,55,"7.956655e-09"
7,56,"7.834669e-09"
7,57,"7.714929e-09"
7,58,"7.597390e-09"
7,59,"7.482005e-09"
7,60,"7.368729e-09"
7,61,"7.257520e-09"
7,62,"7.148334e-09"
7,63,"7.041129e-09"
7,64,"6.935866e-09"
7,65,"6.832503e-09"
7,66,"6.731003e-09"
7,67,"6.631327e-09"
7,68,"6.533438e-09"
7,69,"6.437300e-09"
7,70,"6.342877e-09"
7,71,"6.250134e-09"
7,72,"6.159038e-09"
7,73,"6.069555e-09"
7,74,"5.981653e-09"
7,75,"5.895300e-09"
7,76,"5.810465e-09"
7,77,"5.727118e-09"
7,78,"5.645229e-09"
7,79,"5.564769e-09"
7,80,"5.485710e-09"
7,81,"5.408023e-09"
7,82,"5.331682e-09"
7,83,"5.256661e-09"
7,84,"5.182932e-09"
7,85,"5.110472e-09"
7,86,"5.039254e-09"
7,87,"4.969255e-09"
7,88,"4.900451e-09"
7,89,"4.832818e-09"
7,90,"4.766334e-09"
7,91,"4.700977e-09"
7,92,"4.636724e-09"
7,93,"4.573555e-09"
7,94,"4.511448e-09"
7,95,"4.450383e-09"
7,96,"4.390340e-09"
7,97,"4.331299e-09"
7,98,"4.273242e-09"
7,99,"4.216149e-09"
7,100,"4.160002e-09"
7,101,"4.104784e-09"
7,102,"4.050476e-09"
7,103,"3.997062e-09"
7,104,"3.944524e-09"
7,105,"3.892846e-09"
7,106,"3.842012e-09"
7,107,"3.792006e-09"
7,108,"3.742813e-09"
7,109,"3.694417e-09"
7,110,"3.646803e-09"
7,111,"3.599958e-09"
7,112,"3.553866e-09"
7,113,"3.508514e-09"
7,114,"3.463888e-09"
7,115,"3.419975e-09"
7,116,"3.376761e-09"
7,117,"3.334235e-09"
7,118,"3.292382e-09"
7,119,"3.251191e-09"
7,120,"3.210650e-09"
7,121,"3.170747e-09"
7,122,"3.131471e-09"
7,123,"3.092809e-09"
7,124,"3.054752e-09"
7,125,"3.017287e-09"
7,126,"2.980405e-09"
7,127,"2.944095e-09"
7,128,"2.908346e-09"
7,129,"2.873149e-09"
7,130,"2.838493e-09"
7,131,"2.804370e-09"
7,132,"2.770769e-09"
7,133,"2.737682e-09"
7,134,"2.705099e-09"
7,135,"2.673011e-09"
7,136,"2.641409e-09"
7,137,"2.610286e-09"
7,138,"2.579633e-09"
7,139,"2.549441e-09"
7,140,"2.519702e-09"
7,141,"2.490409e-09"
7,142,"2.461553e-09"
7,143,"2.433128e-09"
7,144,"2.405125e-09"
7,145,"2.377537e-09"
7,146,"2.350358e-09"
7,147,"2.323579e-09"
7,148,"2.297195e-09"
7,149,"2.271199e-09"
7,150,"2.245583e-09"
7,151,"2.220342e-09"
7,152,"2.195468e-09"
7,153,"2.170957e-09"
7,154,"2.146800e-09"
7,155,"2.122994e-09"
7,156,"2.099531e-09"
7,157,"2.076406e-09"
7,158,"2.053613e-09"
7,159,"2.031146e-09"
7,160,"2.009001e-09"
7,161,"1.987171e-09"
7,162,"1.965652e-09"
7,163,"1.944438e-09"
7,164,"1.923524e-09"
7,165,"1.902906e-09"
7,166,"1.882577e-09"
7,167,"1.862535e-09"
7,168,"1.842773e-09"
7,169,"1.823287e-09"
7,170,"1.804074e-09"
7,171,"1.785127e-09"
7,172,"1.766443e-09"
7,173,"1.748018e-09"
7,174,"1.729847e-09"
7,175,"1.711926e-09"
7,176,"1.694252e-09"
7,177,"1.676820e-09"
7,178,"1.659626e-09"
7,179,"1.642666e-09"
7,180,"1.625938e-09"
7,181,"1.609436e-09"
7,182,"1.593157e-09"
7,183,"1.577099e-09"
7,184,"1.561256e-09"
7,185,"1.545627e-09"
7,186,"1.530206e-09"
7,187,"1.514992e-09"
7,188,"1.499981e-09"
7,189,"1.485170e-09"
7,190,"1.470555e-09"
7,191,"1.456133e-09"
7,192,"1.441902e-09"
7,193,"1.427859e-09"
7,194,"1.413999e-09"
7,195,"1.400322e-09"
7,196,"1.386823e-09"
7,197,"1.373500e-09"
7,198,"1.360351e-09"
7,199,"1.347372e-09"
7,200,"1.334561e-09"
7,201,"1.321916e-09"
7,202,"1.309433e-09"
7,203,"1.297111e-09"
7,204,"1.284947e-09"
7,205,"1.272938e-09"
7,206,"1.261083e-09"
7,207,"1.249378e-09"
7,208,"1.237821e-09"
7,209,"1.226411e-09"
7,210,"1.215145e-09"
7,211,"1.204021e-09"
7,212,"1.193037e-09"
7,213,"1.182190e-09"
7,214,"1.171479e-09"
7,215,"1.160901e-09"
7,216,"1.150455e-09"
7,217,"1.140138e-09"
7,218,"1.129949e-09"
7,219,"1.119886e-09"
7,220,"1.109947e-09"
7,221,"1.100130e-09"
7,222,"1.090433e-09"
7,223,"1.080855e-09"
7,224,"1.071393e-09"
7,225,"1.062047e-09"
7,226,"1.052813e-09"
7,227,"1.043692e-09"
7,228,"1.034681e-09"
7,229,"1.025778e-09"
7,230,"1.016982e-09"
7,231,"1.008291e-09"
7,232,"9.997042e-10"
7,233,"9.912197e-10"
7,234,"9.828360e-10"
7,235,"9.745518e-10"
7,236,"9.663655e-10"
7,237,"9.582758e-10"
7,238,"9.502813e-10"
7,239,"9.423807e-10"
7,240,"9.345725e-10"
7,241,"9.268555e-10"
7,242,"9.192284e-10"
7,243,"9.116900e-10"
7,244,"9.042389e-10"
7,245,"8.968739e-10"
7,246,"8.895939e-10"
7,247,"8.823976e-10"
7,248,"8.752838e-10"
7,249,"8.682515e-10"
7,250,"8.612994e-10"
7,251,"8.544265e-10"
7,252,"8.476316e-10"
7,253,"8.409137e-10"
7,254,"8.342716e-10"
7,255,"8.277045e-10"
7,256,"8.212111e-10"
7,257,"8.147905e-10"
7,258,"8.084417e-10"
7,259,"8.021638e-10"
7,260,"7.959556e-10"
7,261,"7.898164e-10"
7,262,"7.837451e-10"
7,263,"7.777408e-10"
7,264,"7.718026e-10"
7,265,"7.659296e-10"
7,266,"7.601210e-10"
7,267,"7.543758e-10"
7,268,"7.486932e-10"
7,269,"7.430723e-10"
7,270,"7.375124e-10"
7,271,"7.320126e-10"
7,272,"7.265721e-10"
7,273,"7.211902e-10"
7,274,"7.158659e-10"
7,275,"7.105986e-10"
7,276,"7.053875e-10"
7,277,"7.002319e-10"
7,278,"6.951310e-10"
7,279,"6.900841e-10"
7,280,"6.850904e-10"
7,281,"6.801494e-10"
7,282,"6.752602e-10"
7,283,"6.704223e-10"
7,284,"6.656349e-10"
7,285,"6.608974e-10"
7,286,"6.562091e-10"
7,287,"6.515694e-10"
7,288,"6.469776e-10"
7,289,"6.424332e-10"
7,290,"6.379355e-10"
7,291,"6.334839e-10"
7,292,"6.290778e-10"
7,293,"6.247167e-10"
7,294,"6.203999e-10"
7,295,"6.161269e-10"
7,296,"6.118971e-10"
7,297,"6.077099e-10"
7,298,"6.035649e-10"
7,299,"5.994615e-10"
7,300,"5.953991e-10"
7,301,"5.913773e-10"
7,302,"5.873955e-10"
7,303,"5.834532e-10"
7,304,"5.795499e-10"
7,305,"5.756851e-10"
7,306,"5.718583e-10"
7,307,"5.680691e-10"
7,308,"5.643170e-10"
7,309,"5.606015e-10"
7,310,"5.569221e-10"
7,311,"5.532785e-10"
7,312,"5.496701e-10"
7,313,"5.460965e-10"
7,314,"5.425573e-10"
7,315,"5.390521e-10"
7,316,"5.355804e-10"
7,317,"5.321419e-10"
7,318,"5.287360e-10"
7,319,"5.253625e-10"
7,320,"5.220208e-10"
7,321,"5.187107e-10"
7,322,"5.154317e-10"
7,323,"5.121835e-10"
7,324,"5.089656e-10"
7,325,"5.057778e-10"
7,326,"5.026196e-10"
7,327,"4.994906e-10"
7,328,"4.963906e-10"
7,329,"4.933191e-10"
7,330,"4.902759e-10"
7,331,"4.872605e-10"
7,332,"4.842727e-10"
7,333,"4.813121e-10"
7,334,"4.783784e-10"
7,335,"4.754712e-10"
7,336,"4.725903e-10"
7,337,"4.697353e-10"
7,338,"4.669059e-10"
7,339,"4.641018e-10"
7,340,"4.613227e-10"
7,341,"4.585684e-10"
7,342,"4.558384e-10"
7,343,"4.531326e-10"
7,344,"4.504506e-10"
7,345,"4.477921e-10"
7,346,"4.451569e-10"
7,347,"4.425448e-10"
7,348,"4.399553e-10"
7,349,"4.373883e-10"
7,350,"4.348436e-10"
7,351,"4.323207e-10"
7,352,"4.298195e-10"
7,353,"4.273398e-10"
7,354,"4.248812e-10"
7,355,"4.224435e-10"
7,356,"4.200265e-10"
7,357,"4.176300e-10"
7,358,"4.152537e-10"
7,359,"4.128973e-10"
7,360,"4.105607e-10"
7,361,"4.082435e-10"
7,362,"4.059457e-10"
7,363,"4.036669e-10"
7,364,"4.014069e-10"
7,365,"3.991656e-10"
7,366,"3.969427e-10"
7,367,"3.947379e-10"
7,368,"3.925512e-10"
7,369,"3.903822e-10"
7,370,"3.882308e-10"
7,371,"3.860968e-10"
7,372,"3.839800e-10"
7,373,"3.818801e-10"
7,374,"3.797970e-10"
7,375,"3.777305e-10"
7,376,"3.756804e-10"
7,377,"3.736466e-10"
7,378,"3.716288e-10"
7,379,"3.696268e-10"
7,380,"3.676405e-10"
7,381,"3.656697e-10"
7,382,"3.637142e-10"
7,383,"3.617739e-10"
7,384,"3.598485e-10"
7,385,"3.579380e-10"
7,386,"3.560421e-10"
7,387,"3.541607e-10"
7,388,"3.522936e-10"
7,389,"3.504407e-10"
7,390,"3.486018e-10"
7,391,"3.467767e-10"
7,392,"3.449653e-10"
7,393,"3.431674e-10"
7,394,"3.413829e-10"
7,395,"3.396117e-10"
7,396,"3.378535e-10"
7,397,"3.361083e-10"
7,398,"3.343759e-10"
7,399,"3.326561e-10"
7,400,"3.309489e-10"
7,401,"3.292541e-10"
7,402,"3.275714e-10"
7,403,"3.259009e-10"
7,404,"3.242424e-10"
7,405,"3.225958e-10"
7,406,"3.209608e-10"
7,407,"3.193374e-10"
7,408,"3.177255e-10"
7,409,"3.161249e-10"
7,410,"3.145355e-10"
7,411,"3.129573e-10"
7,412,"3.113899e-10"
7,413,"3.098335e-10"
7,414,"3.082877e-10"
7,415,"3.067526e-10"
7,416,"3.052280e-10"
7,417,"3.037137e-10"
7,418,"3.022097e-10"
7,419,"3.007159e-10"
7,420,"2.992321e-10"
7,421,"2.977583e-10"
7,422,"2.962943e-10"
7,423,"2.948400e-10"
7,424,"2.933953e-10"
7,425,"2.919602e-10"
7,426,"2.905345e-10"
7,427,"2.891181e-10"
7,428,"2.877109e-10"
7,429,"2.863128e-10"
7,430,"2.849237e-10"
7,431,"2.835436e-10"
7,432,"2.821723e-10"
7,433,"2.808097e-10"
7,434,"2.794557e-10"
7,435,"2.781103e-10"
7,436,"2.767734e-10"
7,437,"2.754448e-10"
7,438,"2.741245e-10"
7,439,"2.728124e-10"
7,440,"2.715084e-10"
7,441,"2.702124e-10"
7,442,"2.689243e-10"
7,443,"2.676441e-10"
7,444,"2.663716e-10"
7,445,"2.651068e-10"
7,446,"2.638496e-10"
7,447,"2.626000e-10"
7,448,"2.613578e-10"
7,449,"2.601229e-10"
7,450,"2.588953e-10"
7,451,"2.576750e-10"
7,452,"2.564618e-10"
7,453,"2.552556e-10"
7,454,"2.540564e-10"
7,455,"2.528641e-10"
7,456,"2.516787e-10"
7,457,"2.505001e-10"
7,458,"2.493281e-10"
7,459,"2.481628e-10"
7,460,"2.470040e-10"
7,461,"2.458517e-10"
7,462,"2.447059e-10"
7,463,"2.435664e-10"
7,464,"2.424332e-10"
7,465,"2.413062e-10"
7,466,"2.401854e-10"
7,467,"2.390707e-10"
7,468,"2.379620e-10"
7,469,"2.368593e-10"
7,470,"2.357625e-10"
7,471,"2.346715e-10"
7,472,"2.335864e-10"
7,473,"2.325070e-10"
7,474,"2.314333e-10"
7,475,"2.303651e-10"
7,476,"2.293026e-10"
7,477,"2.282455e-10"
7,478,"2.271939e-10"
7,479,"2.261477e-10"
7,480,"2.251068e-10"
7,481,"2.240712e-10"
7,482,"2.230409e-10"
7,483,"2.220157e-10"
7,484,"2.209956e-10"
7,485,"2.199806e-10"
7,486,"2.189706e-10"
7,487,"2.179656e-10"
7,488,"2.169656e-10"
7,489,"2.159704e-10"
7,490,"2.149800e-10"
7,491,"2.139944e-10"
7,492,"2.130135e-10"
7,493,"2.120374e-10"
7,494,"2.110658e-10"
7,495,"2.100988e-10"
7,496,"2.091364e-10"
7,497,"2.081785e-10"
7,498,"2.072251e-10"
7,499,"2.062760e-10"
7,500,"2.053313e-10"
8,10,"5.396869e-08"
8,11,"5.307438e-08"
8,12,"5.219496e-08"
8,13,"5.133024e-08"
8,14,"5.048003e-08"
8,15,"4.964415e-08"
8,16,"4.882241e-08"
8,17,"4.801463e-08"
8,18,"4.722063e-08"
8,19,"4.644021e-08"
8,20,"4.567320e-08"
8,21,"4.491941e-08"
8,22,"4.417867e-08"
8,23,"4.345078e-08"
8,24,"4.273558e-08"
8,25,"4.203287e-08"
8,26,"4.134249e-08"
8,27,"4.066425e-08"
8,28,"3.999798e-08"
8,29,"3.934350e-08"
8,30,"3.870064e-08"
8,31,"3.806922e-08"
8,32,"3.744908e-08"
8,33,"3.684004e-08"
8,34,"3.624194e-08"
8,35,"3.565461e-08"
8,36,"3.507788e-08"
8,37,"3.451159e-08"
8,38,"3.395557e-08"
8,39,"3.340967e-08"
8,40,"3.287373e-08"
8,41,"3.234758e-08"
8,42,"3.183107e-08"
8,43,"3.132405e-08"
8,44,"3.082637e-08"
8,45,"3.033787e-08"
8,46,"2.985840e-08"
8,47,"2.938782e-08"
8,48,"2.892597e-08"
8,49,"2.847273e-08"
8,50,"2.802793e-08"
8,51,"2.759145e-08"
8,52,"2.716310e-08"
8,53,"2.674272e-08"
8,54,"2.633014e-08"
8,55,"2.592520e-08"
8,56,"2.552773e-08"
8,57,"2.513758e-08"
8,58,"2.475460e-08"
8,59,"2.437864e-08"
8,60,"2.400956e-08"
8,61,"2.364720e-08"
8,62,"2.329144e-08"
8,63,"2.294213e-08"
8,64,"2.259915e-08"
8,65,"2.226237e-08"
8,66,"2.193165e-08"
8,67,"2.160687e-08"
8,68,"2.128792e-08"
8,69,"2.097468e-08"
8,70,"2.066702e-08"
8,71,"2.036483e-08"
8,72,"2.006801e-08"
8,73,"1.977645e-08"
8,74,"1.949004e-08"
8,75,"1.920868e-08"
8,76,"1.893226e-08"
8,77,"1.866069e-08"
8,78,"1.839387e-08"
8,79,"1.813171e-08"
8,80,"1.787411e-08"
8,81,"1.762098e-08"
8,82,"1.737224e-08"
8,83,"1.712780e-08"
8,84,"1.688757e-08"
8,85,"1.665147e-08"
8,86,"1.641942e-08"
8,87,"1.619134e-08"
8,88,"1.596716e-08"
8,89,"1.574679e-08"
8,90,"1.553016e-08"
8,91,"1.531721e-08"
8,92,"1.510785e-08"
8,93,"1.490203e-08"
8,94,"1.469966e-08"
8,95,"1.450070e-08"
8,96,"1.430506e-08"
8,97,"1.411269e-08"
8,98,"1.392352e-08"
8,99,"1.373749e-08"
8,100,"1.355455e-08"
8,101,"1.337463e-08"
8,102,"1.319768e-08"
8,103,"1.302364e-08"
8,104,"1.285246e-08"
8,105,"1.268407e-08"
8,106,"1.251844e-08"
8,107,"1.235551e-08"
8,108,"1.219522e-08"
8,109,"1.203753e-08"
8,110,"1.188239e-08"
8,111,"1.172975e-08"
8,112,"1.157957e-08"
8,113,"1.143180e-08"
8,114,"1.128640e-08"
8,115,"1.114332e-08"
8,116,"1.100251e-08"
8,117,"1.086395e-08"
8,118,"1.072758e-08"
8,119,"1.059337e-08"
8,120,"1.046127e-08"
8,121,"1.033126e-08"
8,122,"1.020328e-08"
8,123,"1.007731e-08"
8,124,"9.953308e-09"
8,125,"9.831237e-09"
8,126,"9.711064e-09"
8,127,"9.592753e-09"
8,128,"9.476273e-09"
8,129,"9.361590e-09"
8,130,"9.248672e-09"
8,131,"9.137488e-09"
8,132,"9.028006e-09"
8,133,"8.920198e-09"
8,134,"8.814032e-09"
8,135,"8.709480e-09"
8,136,"8.606513e-09"
8,137,"8.505105e-09"
8,138,"8.405226e-09"
8,139,"8.306851e-09"
8,140,"8.209953e-09"
8,141,"8.114507e-09"
8,142,"8.020486e-09"
8,143,"7.927868e-09"
8,144,"7.836626e-09"
8,145,"7.746737e-09"
8,146,"7.658178e-09"
8,147,"7.570927e-09"
8,148,"7.484960e-09"
8,149,"7.400255e-09"
8,150,"7.316791e-09"
8,151,"7.234547e-09"
8,152,"7.153502e-09"
8,153,"7.073635e-09"
8,154,"6.994927e-09"
8,155,"6.917358e-09"
8,156,"6.840908e-09"
8,157,"6.765559e-09"
8,158,"6.691293e-09"
8,159,"6.618090e-09"
8,160,"6.545934e-09"
8,161,"6.474806e-09"
8,162,"6.404690e-09"
8,163,"6.335568e-09"
8,164,"6.267425e-09"
8,165,"6.200244e-09"
8,166,"6.134008e-09"
8,167,"6.068703e-09"
8,168,"6.004314e-09"
8,169,"5.940824e-09"
8,170,"5.878219e-09"
8,171,"5.816485e-09"
8,172,"5.755608e-09"
8,173,"5.695573e-09"
8,174,"5.636367e-09"
8,175,"5.577976e-09"
8,176,"5.520387e-09"
8,177,"5.463588e-09"
8,178,"5.407565e-09"
8,179,"5.352305e-09"
8,180,"5.297798e-09"
8,181,"5.244030e-09"
8,182,"5.190990e-09"
8,183,"5.138666e-09"
8,184,"5.087046e-09"
8,185,"5.036120e-09"
8,186,"4.985877e-09"
8,187,"4.936305e-09"
8,188,"4.887394e-09"
8,189,"4.839134e-09"
8,190,"4.791514e-09"
8,191,"4.744524e-09"
8,192,"4.698155e-09"
8,193,"4.652396e-09"
8,194,"4.607239e-09"
8,195,"4.562674e-09"
8,196,"4.518691e-09"
8,197,"4.475281e-09"
8,198,"4.432436e-09"
8,199,"4.390148e-09"
8,200,"4.348406e-09"
8,201,"4.307203e-09"
8,202,"4.266531e-09"
8,203,"4.226382e-09"
8,204,"4.186747e-09"
8,205,"4.147619e-09"
8,206,"4.108989e-09"
8,207,"4.070851e-09"
8,208,"4.033197e-09"
8,209,"3.996020e-09"
8,210,"3.959312e-09"
8,211,"3.923066e-09"
8,212,"3.887275e-09"
8,213,"3.851933e-09"
8,214,"3.817032e-09"
8,215,"3.782567e-09"
8,216,"3.748530e-09"
8,217,"3.714916e-09"
8,218,"3.681718e-09"
8,219,"3.648929e-09"
8,220,"3.616544e-09"
8,221,"3.584557e-09"
8,222,"3.552962e-09"
8,223,"3.521753e-09"
8,224,"3.490924e-09"
8,225,"3.460470e-09"
8,226,"3.430386e-09"
8,227,"3.400665e-09"
8,228,"3.371303e-09"
8,229,"3.342295e-09"
8,230,"3.313635e-09"
8,231,"3.285318e-09"
8,232,"3.257339e-09"
8,233,"3.229694e-09"
8,234,"3.202378e-09"
8,235,"3.175385e-09"
8,236,"3.148712e-09"
8,237,"3.122353e-09"
8,238,"3.096305e-09"
8,239,"3.070562e-09"
8,240,"3.045121e-09"
8,241,"3.019976e-09"
8,242,"2.995125e-09"
8,243,"2.970562e-09"
8,244,"2.946285e-09"
8,245,"2.922287e-09"
8,246,"2.898567e-09"
8,247,"2.875119e-09"
8,248,"2.851940e-09"
8,249,"2.829027e-09"
8,250,"2.806375e-09"
8,251,"2.783981e-09"
8,252,"2.761841e-09"
8,253,"2.739952e-09"
8,254,"2.718310e-09"
8,255,"2.696912e-09"
8,256,"2.675755e-09"
8,257,"2.654835e-09"
8,258,"2.634148e-09"
8,259,"2.613693e-09"
8,260,"2.593465e-09"
8,261,"2.573461e-09"
8,262,"2.553679e-09"
8,263,"2.534115e-09"
8,264,"2.514767e-09"
8,265,"2.495631e-09"
8,266,"2.476705e-09"
8,267,"2.457985e-09"
8,268,"2.439469e-09"
8,269,"2.421155e-09"
8,270,"2.403039e-09"
8,271,"2.385119e-09"
8,272,"2.367392e-09"
8,273,"2.349856e-09"
8,274,"2.332508e-09"
8,275,"2.315346e-09"
8,276,"2.298367e-09"
8,277,"2.281568e-09"
8,278,"2.264948e-09"
8,279,"2.248503e-09"
8,280,"2.232232e-09"
8,281,"2.216133e-09"
8,282,"2.200203e-09"
8,283,"2.184439e-09"
8,284,"2.168840e-09"
8,285,"2.153404e-09"
8,286,"2.138128e-09"
8,287,"2.123011e-09"
8,288,"2.108049e-09"
8,289,"2.093242e-09"
8,290,"2.078587e-09"
8,291,"2.064083e-09"
8,292,"2.049726e-09"
8,293,"2.035516e-09"
8,294,"2.021451e-09"
8,295,"2.007528e-09"
8,296,"1.993746e-09"
8,297,"1.980103e-09"
8,298,"1.966598e-09"
8,299,"1.953227e-09"
8,300,"1.939991e-09"
8,301,"1.926887e-09"
8,302,"1.913913e-09"
8,303,"1.901067e-09"
8,304,"1.888349e-09"
8,305,"1.875757e-09"
8,306,"1.863288e-09"
8,307,"1.850941e-09"
8,308,"1.838716e-09"
8,309,"1.826610e-09"
8,310,"1.814621e-09"
8,311,"1.802749e-09"
8,312,"1.790992e-09"
8,313,"1.779348e-09"
8,314,"1.767816e-09"
8,315,"1.756395e-09"
8,316,"1.745083e-09"
8,317,"1.733880e-09"
8,318,"1.722782e-09"
8,319,"1.711790e-09"
8,320,"1.700902e-09"
8,321,"1.690117e-09"
8,322,"1.679433e-09"
8,323,"1.668849e-09"
8,324,"1.658364e-09"
8,325,"1.647977e-09"
8,326,"1.637687e-09"
8,327,"1.627492e-09"
8,328,"1.617391e-09"
8,329,"1.607383e-09"
8,330,"1.597468e-09"
8,331,"1.587643e-09"
8,332,"1.577907e-09"
8,333,"1.568261e-09"
8,334,"1.558702e-09"
8,335,"1.549229e-09"
8,336,"1.539843e-09"
8,337,"1.530540e-09"
8,338,"1.521321e-09"
8,339,"1.512184e-09"
8,340,"1.503129e-09"
8,341,"1.494155e-09"
8,342,"1.485260e-09"
8,343,"1.476443e-09"
8,344,"1.467705e-09"
8,345,"1.459043e-09"
8,346,"1.450456e-09"
8,347,"1.441945e-09"
8,348,"1.433508e-09"
8,349,"1.425144e-09"
8,350,"1.416852e-09"
8,351,"1.408632e-09"
8,352,"1.400482e-09"
8,353,"1.392403e-09"
8,354,"1.384392e-09"
8,355,"1.376449e-09"
8,356,"1.368574e-09"
8,357,"1.360765e-09"
8,358,"1.353022e-09"
8,359,"1.345345e-09"
8,360,"1.337731e-09"
8,361,"1.330181e-09"
8,362,"1.322694e-09"
8,363,"1.315269e-09"
8,364,"1.307906e-09"
8,365,"1.300603e-09"
8,366,"1.293360e-09"
8,367,"1.286176e-09"
8,368,"1.279051e-09"
8,369,"1.271984e-09"
8,370,"1.264974e-09"
8,371,"1.258021e-09"
8,372,"1.251123e-09"
8,373,"1.244281e-09"
8,374,"1.237494e-09"
8,375,"1.230761e-09"
8,376,"1.224081e-09"
8,377,"1.217454e-09"
8,378,"1.210879e-09"
8,379,"1.204356e-09"
8,380,"1.197884e-09"
8,381,"1.191463e-09"
8,382,"1.185091e-09"
8,383,"1.178769e-09"
8,384,"1.172496e-09"
8,385,"1.166271e-09"
8,386,"1.160093e-09"
8,387,"1.153963e-09"
8,388,"1.147879e-09"
8,389,"1.141842e-09"
8,390,"1.135850e-09"
8,391,"1.129904e-09"
8,392,"1.124001e-09"
8,393,"1.118143e-09"
8,394,"1.112329e-09"
8,395,"1.106558e-09"
8,396,"1.100829e-09"
8,397,"1.095143e-09"
8,398,"1.089498e-09"
8,399,"1.083895e-09"
8,400,"1.078332e-09"
8,401,"1.072810e-09"
8,402,"1.067327e-09"
8,403,"1.061884e-09"
8,404,"1.056480e-09"
8,405,"1.051115e-09"
8,406,"1.045788e-09"
8,407,"1.040498e-09"
8,408,"1.035246e-09"
8,409,"1.030031e-09"
8,410,"1.024852e-09"
8,411,"1.019710e-09"
8,412,"1.014603e-09"
8,413,"1.009531e-09"
8,414,"1.004495e-09"
8,415,"9.994930e-10"
8,416,"9.945253e-10"
8,417,"9.895914e-10"
8,418,"9.846909e-10"
8,419,"9.798236e-10"
8,420,"9.749890e-10"
8,421,"9.701868e-10"
8,422,"9.654166e-10"
8,423,"9.606781e-10"
8,424,"9.559710e-10"
8,425,"9.512949e-10"
8,426,"9.466494e-10"
8,427,"9.420343e-10"
8,428,"9.374493e-10"
8,429,"9.328939e-10"
8,430,"9.283679e-10"
8,431,"9.238710e-10"
8,432,"9.194028e-10"
8,433,"9.149631e-10"
8,434,"9.105515e-10"
8,435,"9.061678e-10"
8,436,"9.018116e-10"
8,437,"8.974827e-10"
8,438,"8.931807e-10"
8,439,"8.889055e-10"
8,440,"8.846566e-10"
8,441,"8.804338e-10"
8,442,"8.762369e-10"
8,443,"8.720655e-10"
8,444,"8.679195e-10"
8,445,"8.637984e-10"
8,446,"8.597022e-10"
8,447,"8.556304e-10"
8,448,"8.515829e-10"
8,449,"8.475594e-10"
8,450,"8.435596e-10"
8,451,"8.395833e-10"
8,452,"8.356302e-10"
8,453,"8.317002e-10"
8,454,"8.277929e-10"
8,455,"8.239081e-10"
8,456,"8.200456e-10"
8,457,"8.162052e-10"
8,458,"8.123866e-10"
8,459,"8.085896e-10"
8,460,"8.048140e-10"
8,461,"8.010595e-10"
8,462,"7.973259e-10"
8,463,"7.936131e-10"
8,464,"7.899208e-10"
8,465,"7.862488e-10"
8,466,"7.825968e-10"
8,467,"7.789647e-10"
8,468,"7.753523e-10"
8,469,"7.717594e-10"
8,470,"7.681857e-10"
8,471,"7.646311e-10"
8,472,"7.610954e-10"
8,473,"7.575783e-10"
8,474,"7.540798e-10"
8,475,"7.505995e-10"
8,476,"7.471374e-10"
8,477,"7.436931e-10"
8,478,"7.402667e-10"
8,479,"7.368578e-10"
8,480,"7.334663e-10"
8,481,"7.300920e-10"
8,482,"7.267348e-10"
8,483,"7.233944e-10"
8,484,"7.200707e-10"
8,485,"7.167636e-10"
8,486,"7.134728e-10"
8,487,"7.101982e-10"
8,488,"7.069397e-10"
8,489,"7.036970e-10"
8,490,"7.004701e-10"
8,491,"6.972587e-10"
8,492,"6.940627e-10"
8,493,"6.908820e-10"
8,494,"6.877164e-10"
8,495,"6.845658e-10"
8,496,"6.814299e-10"
8,497,"6.783088e-10"
8,498,"6.752021e-10"
8,499,"6.721098e-10"
8,500,"6.690318e-10"
9,10,"1.308449e-07"
9,11,"1.286767e-07"
9,12,"1.265445e-07"
9,13,"1.244481e-07"
9,14,"1.223868e-07"
9,15,"1.203602e-07"
9,16,"1.183679e-07"
9,17,"1.164095e-07"
9,18,"1.144845e-07"
9,19,"1.125924e-07"
9,20,"1.107328e-07"
9,21,"1.089053e-07"
9,22,"1.071094e-07"
9,23,"1.053446e-07"
9,24,"1.036106e-07"
9,25,"1.019070e-07"
9,26,"1.002332e-07"
9,27,"9.858880e-08"
9,28,"9.697345e-08"
9,29,"9.538669e-08"
9,30,"9.382810e-08"
9,31,"9.229726e-08"
9,32,"9.079375e-08"
9,33,"8.931717e-08"
9,34,"8.786710e-08"
9,35,"8.644313e-08"
9,36,"8.504488e-08"
9,37,"8.367193e-08"
9,38,"8.232389e-08"
9,39,"8.100038e-08"
9,40,"7.970100e-08"
9,41,"7.842538e-08"
9,42,"7.717313e-08"
9,43,"7.594388e-08"
9,44,"7.473726e-08"
9,45,"7.355291e-08"
9,46,"7.239046e-08"
9,47,"7.124955e-08"
9,48,"7.012983e-08"
9,49,"6.903095e-08"
9,50,"6.795257e-08"
9,51,"6.689433e-08"
9,52,"6.585582e-08"
9,53,"6.483663e-08"
9,54,"6.383634e-08"
9,55,"6.285457e-08"
9,56,"6.189093e-08"
9,57,"6.094503e-08"
9,58,"6.001651e-08"
9,59,"5.910501e-08"
9,60,"5.821018e-08"
9,61,"5.733167e-08"
9,62,"5.646914e-08"
9,63,"5.562226e-08"
9,64,"5.479072e-08"
9,65,"5.397419e-08"
9,66,"5.317238e-08"
9,67,"5.238498e-08"
9,68,"5.161169e-08"
9,69,"5.085224e-08"
9,70,"5.010633e-08"
9,71,"4.937370e-08"
9,72,"4.865407e-08"
9,73,"4.794719e-08"
9,74,"4.725280e-08"
9,75,"4.657064e-08"
9,76,"4.590048e-08"
9,77,"4.524207e-08"
9,78,"4.459518e-08"
9,79,"4.395957e-08"
9,80,"4.333503e-08"
9,81,"4.272134e-08"
9,82,"4.211828e-08"
9,83,"4.152563e-08"
9,84,"4.094321e-08"
9,85,"4.037080e-08"
9,86,"3.980820e-08"
9,87,"3.925524e-08"
9,88,"3.871171e-08"
9,89,"3.817744e-08"
9,90,"3.765224e-08"
9,91,"3.713594e-08"
9,92,"3.662837e-08"
9,93,"3.612935e-08"
9,94,"3.563873e-08"
9,95,"3.515634e-08"
9,96,"3.468203e-08"
9,97,"3.421563e-08"
9,98,"3.375700e-08"
9,99,"3.330599e-08"
9,100,"3.286245e-08"
9,101,"3.242624e-08"
9,102,"3.199723e-08"
9,103,"3.157528e-08"
9,104,"3.116025e-08"
9,105,"3.075201e-08"
9,106,"3.035045e-08"
9,107,"2.995542e-08"
9,108,"2.956681e-08"
9,109,"2.918450e-08"
9,110,"2.880837e-08"
9,111,"2.843831e-08"
9,112,"2.807420e-08"
9,113,"2.771594e-08"
9,114,"2.736341e-08"
9,115,"2.701651e-08"
9,116,"2.667514e-08"
9,117,"2.633919e-08"
9,118,"2.600857e-08"
9,119,"2.568318e-08"
9,120,"2.536293e-08"
9,121,"2.504771e-08"
9,122,"2.473744e-08"
9,123,"2.443203e-08"
9,124,"2.413139e-08"
9,125,"2.383543e-08"
9,126,"2.354407e-08"
9,127,"2.325724e-08"
9,128,"2.297483e-08"
9,129,"2.269679e-08"
9,130,"2.242303e-08"
9,131,"2.215346e-08"
9,132,"2.188803e-08"
9,133,"2.162665e-08"
9,134,"2.136926e-08"
9,135,"2.111578e-08"
9,136,"2.086614e-08"
9,137,"2.062028e-08"
9,138,"2.037812e-08"
9,139,"2.013962e-08"
9,140,"1.990469e-08"
9,141,"1.967329e-08"
9,142,"1.944534e-08"
9,143,"1.922079e-08"
9,144,"1.899958e-08"
9,145,"1.878165e-08"
9,146,"1.856694e-08"
9,147,"1.835540e-08"
9,148,"1.814698e-08"
9,149,"1.794161e-08"
9,150,"1.773926e-08"
9,151,"1.753986e-08"
9,152,"1.734337e-08"
9,153,"1.714974e-08"
9,154,"1.695891e-08"
9,155,"1.677085e-08"
9,156,"1.658550e-08"
9,157,"1.640282e-08"
9,158,"1.622276e-08"
9,159,"1.604529e-08"
9,160,"1.587035e-08"
9,161,"1.569790e-08"
9,162,"1.552791e-08"
9,163,"1.536033e-08"
9,164,"1.519511e-08"
9,165,"1.503224e-08"
9,166,"1.487165e-08"
9,167,"1.471332e-08"
9,168,"1.455721e-08"
9,169,"1.440328e-08"
9,170,"1.425150e-08"
9,171,"1.410183e-08"
9,172,"1.395423e-08"
9,173,"1.380868e-08"
9,174,"1.366514e-08"
9,175,"1.352357e-08"
9,176,"1.338395e-08"
9,177,"1.324624e-08"
9,178,"1.311042e-08"
9,179,"1.297644e-08"
9,180,"1.284429e-08"
9,181,"1.271393e-08"
9,182,"1.258534e-08"
9,183,"1.245848e-08"
9,184,"1.233333e-08"
9,185,"1.220987e-08"
9,186,"1.208805e-08"
9,187,"1.196787e-08"
9,188,"1.184929e-08"
9,189,"1.173228e-08"
9,190,"1.161683e-08"
9,191,"1.150290e-08"
9,192,"1.139048e-08"
9,193,"1.127954e-08"
9,194,"1.117006e-08"
9,195,"1.106201e-08"
9,196,"1.095538e-08"
9,197,"1.085014e-08"
9,198,"1.074626e-08"
9,199,"1.064373e-08"
9,200,"1.054253e-08"
9,201,"1.044264e-08"
9,202,"1.034403e-08"
9,203,"1.024669e-08"
9,204,"1.015060e-08"
9,205,"1.005573e-08"
9,206,"9.962076e-09"
9,207,"9.869612e-09"
9,208,"9.778321e-09"
9,209,"9.688185e-09"
9,210,"9.599188e-09"
9,211,"9.511311e-09"
9,212,"9.424538e-09"
9,213,"9.338853e-09"
9,214,"9.254238e-09"
9,215,"9.170678e-09"
9,216,"9.088158e-09"
9,217,"9.006661e-09"
9,218,"8.926173e-09"
9,219,"8.846678e-09"
9,220,"8.768162e-09"
9,221,"8.690611e-09"
9,222,"8.614010e-09"
9,223,"8.538344e-09"
9,224,"8.463601e-09"
9,225,"8.389767e-09"
9,226,"8.316829e-09"
9,227,"8.244772e-09"
9,228,"8.173586e-09"
9,229,"8.103256e-09"
9,230,"8.033771e-09"
9,231,"7.965118e-09"
9,232,"7.897285e-09"
9,233,"7.830261e-09"
9,234,"7.764033e-09"
9,235,"7.698591e-09"
9,236,"7.633923e-09"
9,237,"7.570017e-09"
9,238,"7.506864e-09"
9,239,"7.444451e-09"
9,240,"7.382770e-09"
9,241,"7.321809e-09"
9,242,"7.261558e-09"
9,243,"7.202007e-09"
9,244,"7.143146e-09"
9,245,"7.084965e-09"
9,246,"7.027456e-09"
9,247,"6.970608e-09"
9,248,"6.914412e-09"
9,249,"6.858859e-09"
9,250,"6.803940e-09"
9,251,"6.749647e-09"
9,252,"6.695970e-09"
9,253,"6.642901e-09"
9,254,"6.590431e-09"
9,255,"6.538553e-09"
9,256,"6.487258e-09"
9,257,"6.436537e-09"
9,258,"6.386384e-09"
9,259,"6.336791e-09"
9,260,"6.287749e-09"
9,261,"6.239251e-09"
9,262,"6.191290e-09"
9,263,"6.143858e-09"
9,264,"6.096949e-09"
9,265,"6.050555e-09"
9,266,"6.004669e-09"
9,267,"5.959284e-09"
9,268,"5.914393e-09"
9,269,"5.869991e-09"
9,270,"5.826070e-09"
9,271,"5.782623e-09"
9,272,"5.739646e-09"
9,273,"5.697130e-09"
9,274,"5.655070e-09"
9,275,"5.613461e-09"
9,276,"5.572295e-09"
9,277,"5.531567e-09"
9,278,"5.491272e-09"
9,279,"5.451403e-09"
9,280,"5.411956e-09"
9,281,"5.372923e-09"
9,282,"5.334301e-09"
9,283,"5.296083e-09"
9,284,"5.258264e-09"
9,285,"5.220840e-09"
9,286,"5.183804e-09"
9,287,"5.147152e-09"
9,288,"5.110879e-09"
9,289,"5.074980e-09"
9,290,"5.039450e-09"
9,291,"5.004284e-09"
9,292,"4.969477e-09"
9,293,"4.935026e-09"
9,294,"4.900925e-09"
9,295,"4.867170e-09"
9,296,"4.833756e-09"
9,297,"4.800679e-09"
9,298,"4.767935e-09"
9,299,"4.735520e-09"
9,300,"4.703428e-09"
9,301,"4.671657e-09"
9,302,"4.640203e-09"
9,303,"4.609060e-09"
9,304,"4.578225e-09"
9,305,"4.547695e-09"
9,306,"4.517465e-09"
9,307,"4.487532e-09"
9,308,"4.457891e-09"
9,309,"4.428540e-09"
9,310,"4.399475e-09"
9,311,"4.370691e-09"
9,312,"4.342186e-09"
9,313,"4.313956e-09"
9,314,"4.285998e-09"
9,315,"4.258308e-09"
9,316,"4.230883e-09"
9,317,"4.203720e-09"
9,318,"4.176815e-09"
9,319,"4.150165e-09"
9,320,"4.123767e-09"
9,321,"4.097619e-09"
9,322,"4.071716e-09"
9,323,"4.046056e-09"
9,324,"4.020636e-09"
9,325,"3.995454e-09"
9,326,"3.970505e-09"
9,327,"3.945787e-09"
9,328,"3.921298e-09"
9,329,"3.897035e-09"
9,330,"3.872994e-09"
9,331,"3.849174e-09"
9,332,"3.825572e-09"
9,333,"3.802184e-09"
9,334,"3.779009e-09"
9,335,"3.756043e-09"
9,336,"3.733285e-09"
9,337,"3.710731e-09"
9,338,"3.688380e-09"
9,339,"3.666229e-09"
9,340,"3.644275e-09"
9,341,"3.622517e-09"
9,342,"3.600951e-09"
9,343,"3.579576e-09"
9,344,"3.558389e-09"
9,345,"3.537389e-09"
9,346,"3.516572e-09"
9,347,"3.495937e-09"
9,348,"3.475481e-09"
9,349,"3.455203e-09"
9,350,"3.435100e-09"
9,351,"3.415170e-09"
9,352,"3.395412e-09"
9,353,"3.375823e-09"
9,354,"3.356401e-09"
9,355,"3.337144e-09"
9,356,"3.318051e-09"
9,357,"3.299119e-09"
9,358,"3.280347e-09"
9,359,"3.261733e-09"
9,360,"3.243274e-09"
9,361,"3.224970e-09"
9,362,"3.206818e-09"
9,363,"3.188816e-09"
9,364,"3.170963e-09"
9,365,"3.153258e-09"
9,366,"3.135697e-09"
9,367,"3.118281e-09"
9,368,"3.101006e-09"
9,369,"3.083872e-09"
9,370,"3.066877e-09"
9,371,"3.050019e-09"
9,372,"3.033297e-09"
9,373,"3.016709e-09"
9,374,"3.000253e-09"
9,375,"2.983929e-09"
9,376,"2.967734e-09"
9,377,"2.951667e-09"
9,378,"2.935727e-09"
9,379,"2.919912e-09"
9,380,"2.904221e-09"
9,381,"2.888653e-09"
9,382,"2.873205e-09"
9,383,"2.857877e-09"
9,384,"2.842668e-09"
9,385,"2.827575e-09"
9,386,"2.812598e-09"
9,387,"2.797736e-09"
9,388,"2.782987e-09"
9,389,"2.768349e-09"
9,390,"2.753822e-09"
9,391,"2.739405e-09"
9,392,"2.725095e-09"
9,393,"2.710893e-09"
9,394,"2.696796e-09"
9,395,"2.682804e-09"
9,396,"2.668915e-09"
9,397,"2.655129e-09"
9,398,"2.641443e-09"
9,399,"2.627858e-09"
9,400,"2.614371e-09"
9,401,"2.600983e-09"
9,402,"2.587691e-09"
9,403,"2.574494e-09"
9,404,"2.561393e-09"
9,405,"2.548385e-09"
9,406,"2.535469e-09"
9,407,"2.522645e-09"
9,408,"2.509912e-09"
9,409,"2.497268e-09"
9,410,"2.484712e-09"
9,411,"2.472244e-09"
9,412,"2.459863e-09"
9,413,"2.447567e-09"
9,414,"2.435357e-09"
9,415,"2.423230e-09"
9,416,"2.411186e-09"
9,417,"2.399224e-09"
9,418,"2.387343e-09"
9,419,"2.375542e-09"
9,420,"2.363821e-09"
9,421,"2.352178e-09"
9,422,"2.340613e-09"
9,423,"2.329125e-09"
9,424,"2.317712e-09"
9,425,"2.306375e-09"
9,426,"2.295113e-09"
9,427,"2.283924e-09"
9,428,"2.272807e-09"
9,429,"2.261763e-09"
9,430,"2.250790e-09"
9,431,"2.239887e-09"
9,432,"2.229054e-09"
9,433,"2.218290e-09"
9,434,"2.207595e-09"
9,435,"2.196967e-09"
9,436,"2.186405e-09"
9,437,"2.175910e-09"
9,438,"2.165480e-09"
9,439,"2.155115e-09"
9,440,"2.144813e-09"
9,441,"2.134576e-09"
9,442,"2.124400e-09"
9,443,"2.114287e-09"
9,444,"2.104235e-09"
9,445,"2.094244e-09"
9,446,"2.084313e-09"
9,447,"2.074441e-09"
9,448,"2.064628e-09"
9,449,"2.054873e-09"
9,450,"2.045175e-09"
9,451,"2.035535e-09"
9,452,"2.025951e-09"
9,453,"2.016423e-09"
9,454,"2.006950e-09"
9,455,"1.997531e-09"
9,456,"1.988167e-09"
9,457,"1.978856e-09"
9,458,"1.969598e-09"
9,459,"1.960392e-09"
9,460,"1.951238e-09"
9,461,"1.942136e-09"
9,462,"1.933084e-09"
9,463,"1.924082e-09"
9,464,"1.915130e-09"
9,465,"1.906228e-09"
9,466,"1.897374e-09"
9,467,"1.888568e-09"
9,468,"1.879810e-09"
9,469,"1.871099e-09"
9,470,"1.862435e-09"
9,471,"1.853817e-09"
9,472,"1.845244e-09"
9,473,"1.836717e-09"
9,474,"1.828235e-09"
9,475,"1.819798e-09"
9,476,"1.811404e-09"
9,477,"1.803053e-09"
9,478,"1.794746e-09"
9,479,"1.786481e-09"
9,480,"1.778259e-09"
9,481,"1.770078e-09"
9,482,"1.761939e-09"
9,483,"1.753840e-09"
9,484,"1.745782e-09"
9,485,"1.737764e-09"
9,486,"1.729785e-09"
9,487,"1.721846e-09"
9,488,"1.713946e-09"
9,489,"1.706084e-09"
9,490,"1.698261e-09"
9,491,"1.690475e-09"
9,492,"1.682727e-09"
9,493,"1.675015e-09"
9,494,"1.667340e-09"
9,495,"1.659702e-09"
9,496,"1.652099e-09"
9,497,"1.644532e-09"
9,498,"1.637000e-09"
9,499,"1.629503e-09"
9,500,"1.622040e-09"
10,10,"2.165467e-07"
10,11,"2.129584e-07"
10,12,"2.094297e-07"
10,13,"2.059601e-07"
10,14,"2.025486e-07"
10,15,"1.991947e-07"
10,16,"1.958975e-07"
10,17,"1.926564e-07"
10,18,"1.894704e-07"
10,19,"1.863391e-07"
10,20,"1.832615e-07"
10,21,"1.802369e-07"
10,22,"1.772647e-07"
10,23,"1.743441e-07"
10,24,"1.714744e-07"
10,25,"1.686548e-07"
10,26,"1.658847e-07"
10,27,"1.631633e-07"
10,28,"1.604899e-07"
10,29,"1.578639e-07"
10,30,"1.552844e-07"
10,31,"1.527509e-07"
10,32,"1.502626e-07"
10,33,"1.478189e-07"
10,34,"1.454190e-07"
10,35,"1.430624e-07"
10,36,"1.407483e-07"
10,37,"1.384761e-07"
10,38,"1.362451e-07"
10,39,"1.340547e-07"
10,40,"1.319042e-07"
10,41,"1.297931e-07"
10,42,"1.277206e-07"
10,43,"1.256862e-07"
10,44,"1.236893e-07"
10,45,"1.217292e-07"
10,46,"1.198054e-07"
10,47,"1.179172e-07"
10,48,"1.160641e-07"
10,49,"1.142454e-07"
10,50,"1.124607e-07"
10,51,"1.107093e-07"
10,52,"1.089906e-07"
10,53,"1.073039e-07"
10,54,"1.056484e-07"
10,55,"1.040236e-07"
10,56,"1.024288e-07"
10,57,"1.008633e-07"
10,58,"9.932662e-08"
10,59,"9.781810e-08"
10,60,"9.633716e-08"
10,61,"9.488324e-08"
10,62,"9.345576e-08"
10,63,"9.205419e-08"
10,64,"9.067800e-08"
10,65,"8.932666e-08"
10,66,"8.799967e-08"
10,67,"8.669653e-08"
10,68,"8.541675e-08"
10,69,"8.415986e-08"
10,70,"8.292539e-08"
10,71,"8.171289e-08"
10,72,"8.052192e-08"
10,73,"7.935204e-08"
10,74,"7.820283e-08"
10,75,"7.707387e-08"
10,76,"7.596476e-08"
10,77,"7.487509e-08"
10,78,"7.380449e-08"
10,79,"7.275258e-08"
10,80,"7.171897e-08"
10,81,"7.070332e-08"
10,82,"6.970525e-08"
10,83,"6.872444e-08"
10,84,"6.776053e-08"
10,85,"6.681320e-08"
10,86,"6.588211e-08"
10,87,"6.496696e-08"
10,88,"6.406743e-08"
10,89,"6.318321e-08"
10,90,"6.231402e-08"
10,91,"6.145955e-08"
10,92,"6.061952e-08"
10,93,"5.979366e-08"
10,94,"5.898168e-08"
10,95,"5.818333e-08"
10,96,"5.739835e-08"
10,97,"5.662646e-08"
10,98,"5.586743e-08"
10,99,"5.512102e-08"
10,100,"5.438697e-08"
10,101,"5.366505e-08"
10,102,"5.295505e-08"
10,103,"5.225672e-08"
10,104,"5.156985e-08"
10,105,"5.089422e-08"
10,106,"5.022963e-08"
10,107,"4.957586e-08"
10,108,"4.893272e-08"
10,109,"4.830000e-08"
10,110,"4.767751e-08"
10,111,"4.706507e-08"
10,112,"4.646247e-08"
10,113,"4.586955e-08"
10,114,"4.528612e-08"
10,115,"4.471201e-08"
10,116,"4.414704e-08"
10,117,"4.359106e-08"
10,118,"4.304389e-08"
10,119,"4.250537e-08"
10,120,"4.197534e-08"
10,121,"4.145366e-08"
10,122,"4.094017e-08"
10,123,"4.043472e-08"
10,124,"3.993716e-08"
10,125,"3.944736e-08"
10,126,"3.896517e-08"
10,127,"3.849045e-08"
10,128,"3.802308e-08"
10,129,"3.756292e-08"
10,130,"3.710984e-08"
10,131,"3.666372e-08"
10,132,"3.622443e-08"
10,133,"3.579186e-08"
10,134,"3.536587e-08"
10,135,"3.494636e-08"
10,136,"3.453321e-08"
10,137,"3.412632e-08"
10,138,"3.372556e-08"
10,139,"3.333083e-08"
10,140,"3.294203e-08"
10,141,"3.255906e-08"
10,142,"3.218181e-08"
10,143,"3.181018e-08"
10,144,"3.144408e-08"
10,145,"3.108340e-08"
10,146,"3.072807e-08"
10,147,"3.037797e-08"
10,148,"3.003303e-08"
10,149,"2.969316e-08"
10,150,"2.935827e-08"
10,151,"2.902827e-08"
10,152,"2.870308e-08"
10,153,"2.838262e-08"
10,154,"2.806680e-08"
10,155,"2.775556e-08"
10,156,"2.744881e-08"
10,157,"2.714648e-08"
10,158,"2.684848e-08"
10,159,"2.655476e-08"
10,160,"2.626524e-08"
10,161,"2.597984e-08"
10,162,"2.569850e-08"
10,163,"2.542116e-08"
10,164,"2.514774e-08"
10,165,"2.487817e-08"
10,166,"2.461241e-08"
10,167,"2.435038e-08"
10,168,"2.409201e-08"
10,169,"2.383726e-08"
10,170,"2.358607e-08"
10,171,"2.333836e-08"
10,172,"2.309409e-08"
10,173,"2.285321e-08"
10,174,"2.261564e-08"
10,175,"2.238135e-08"
10,176,"2.215028e-08"
10,177,"2.192238e-08"
10,178,"2.169759e-08"
10,179,"2.147586e-08"
10,180,"2.125715e-08"
10,181,"2.104141e-08"
10,182,"2.082859e-08"
10,183,"2.061864e-08"
10,184,"2.041152e-08"
10,185,"2.020719e-08"
10,186,"2.000559e-08"
10,187,"1.980668e-08"
10,188,"1.961043e-08"
10,189,"1.941679e-08"
10,190,"1.922571e-08"
10,191,"1.903717e-08"
10,192,"1.885112e-08"
10,193,"1.866751e-08"
10,194,"1.848632e-08"
10,195,"1.830750e-08"
10,196,"1.813102e-08"
10,197,"1.795685e-08"
10,198,"1.778493e-08"
10,199,"1.761525e-08"
10,200,"1.744777e-08"
10,201,"1.728244e-08"
10,202,"1.711925e-08"
10,203,"1.695815e-08"
10,204,"1.679912e-08"
10,205,"1.664212e-08"
10,206,"1.648712e-08"
10,207,"1.633409e-08"
10,208,"1.618301e-08"
10,209,"1.603383e-08"
10,210,"1.588654e-08"
10,211,"1.574111e-08"
10,212,"1.559750e-08"
10,213,"1.545569e-08"
10,214,"1.531566e-08"
10,215,"1.517737e-08"
10,216,"1.504079e-08"
10,217,"1.490592e-08"
10,218,"1.477271e-08"
10,219,"1.464115e-08"
10,220,"1.451121e-08"
10,221,"1.438286e-08"
10,222,"1.425608e-08"
10,223,"1.413086e-08"
10,224,"1.400716e-08"
10,225,"1.388497e-08"
10,226,"1.376425e-08"
10,227,"1.364500e-08"
10,228,"1.352719e-08"
10,229,"1.341079e-08"
10,230,"1.329580e-08"
10,231,"1.318218e-08"
10,232,"1.306991e-08"
10,233,"1.295899e-08"
10,234,"1.284938e-08"
10,235,"1.274108e-08"
10,236,"1.263405e-08"
10,237,"1.252829e-08"
10,238,"1.242377e-08"
10,239,"1.232048e-08"
10,240,"1.221840e-08"
10,241,"1.211751e-08"
10,242,"1.201779e-08"
10,243,"1.191924e-08"
10,244,"1.182182e-08"
10,245,"1.172553e-08"
10,246,"1.163036e-08"
10,247,"1.153627e-08"
10,248,"1.144327e-08"
10,249,"1.135133e-08"
10,250,"1.126044e-08"
10,251,"1.117059e-08"
10,252,"1.108175e-08"
10,253,"1.099392e-08"
10,254,"1.090709e-08"
10,255,"1.082123e-08"
10,256,"1.073634e-08"
10,257,"1.065239e-08"
10,258,"1.056939e-08"
10,259,"1.048731e-08"
10,260,"1.040615e-08"
10,261,"1.032589e-08"
10,262,"1.024651e-08"
10,263,"1.016801e-08"
10,264,"1.009038e-08"
10,265,"1.001360e-08"
10,266,"9.937656e-09"
10,267,"9.862545e-09"
10,268,"9.788252e-09"
10,269,"9.714766e-09"
10,270,"9.642077e-09"
10,271,"9.570174e-09"
10,272,"9.499046e-09"
10,273,"9.428683e-09"
10,274,"9.359075e-09"
10,275,"9.290212e-09"
10,276,"9.222083e-09"
10,277,"9.154679e-09"
10,278,"9.087991e-09"
10,279,"9.022009e-09"
10,280,"8.956723e-09"
10,281,"8.892125e-09"
10,282,"8.828205e-09"
10,283,"8.764955e-09"
10,284,"8.702366e-09"
10,285,"8.640429e-09"
10,286,"8.579135e-09"
10,287,"8.518476e-09"
10,288,"8.458445e-09"
10,289,"8.399032e-09"
10,290,"8.340230e-09"
10,291,"8.282031e-09"
10,292,"8.224427e-09"
10,293,"8.167410e-09"
10,294,"8.110973e-09"
10,295,"8.055109e-09"
10,296,"7.999809e-09"
10,297,"7.945068e-09"
10,298,"7.890877e-09"
10,299,"7.837229e-09"
10,300,"7.784119e-09"
10,301,"7.731538e-09"
10,302,"7.679481e-09"
10,303,"7.627940e-09"
10,304,"7.576909e-09"
10,305,"7.526381e-09"
10,306,"7.476351e-09"
10,307,"7.426812e-09"
10,308,"7.377758e-09"
10,309,"7.329182e-09"
10,310,"7.281079e-09"
10,311,"7.233443e-09"
10,312,"7.186267e-09"
10,313,"7.139547e-09"
10,314,"7.093277e-09"
10,315,"7.047450e-09"
10,316,"7.002062e-09"
10,317,"6.957107e-09"
10,318,"6.912580e-09"
10,319,"6.868475e-09"
10,320,"6.824787e-09"
10,321,"6.781511e-09"
10,322,"6.738642e-09"
10,323,"6.696176e-09"
10,324,"6.654106e-09"
10,325,"6.612429e-09"
10,326,"6.571139e-09"
10,327,"6.530232e-09"
10,328,"6.489703e-09"
10,329,"6.449547e-09"
10,330,"6.409760e-09"
10,331,"6.370338e-09"
10,332,"6.331276e-09"
10,333,"6.292570e-09"
10,334,"6.254215e-09"
10,335,"6.216207e-09"
10,336,"6.178543e-09"
10,337,"6.141217e-09"
10,338,"6.104226e-09"
10,339,"6.067566e-09"
10,340,"6.031233e-09"
10,341,"5.995223e-09"
10,342,"5.959532e-09"
10,343,"5.924157e-09"
10,344,"5.889093e-09"
10,345,"5.854337e-09"
10,346,"5.819885e-09"
10,347,"5.785734e-09"
10,348,"5.751880e-09"
10,349,"5.718320e-09"
10,350,"5.685050e-09"
10,351,"5.652067e-09"
10,352,"5.619367e-09"
10,353,"5.586947e-09"
10,354,"5.554804e-09"
10,355,"5.522935e-09"
10,356,"5.491336e-09"
10,357,"5.460004e-09"
10,358,"5.428936e-09"
10,359,"5.398129e-09"
10,360,"5.367581e-09"
10,361,"5.337287e-09"
10,362,"5.307246e-09"
10,363,"5.277453e-09"
10,364,"5.247907e-09"
10,365,"5.218604e-09"
10,366,"5.189542e-09"
10,367,"5.160718e-09"
10,368,"5.132129e-09"
10,369,"5.103772e-09"
10,370,"5.075645e-09"
10,371,"5.047746e-09"
10,372,"5.020070e-09"
10,373,"4.992617e-09"
10,374,"4.965384e-09"
10,375,"4.938367e-09"
10,376,"4.911564e-09"
10,377,"4.884974e-09"
10,378,"4.858594e-09"
10,379,"4.832420e-09"
10,380,"4.806452e-09"
10,381,"4.780686e-09"
10,382,"4.755121e-09"
10,383,"4.729753e-09"
10,384,"4.704582e-09"
10,385,"4.679604e-09"
10,386,"4.654817e-09"
10,387,"4.630220e-09"
10,388,"4.605810e-09"
10,389,"4.581585e-09"
10,390,"4.557543e-09"
10,391,"4.533683e-09"
10,392,"4.510001e-09"
10,393,"4.486496e-09"
10,394,"4.463166e-09"
10,395,"4.440009e-09"
10,396,"4.417023e-09"
10,397,"4.394207e-09"
10,398,"4.371558e-09"
10,399,"4.349074e-09"
10,400,"4.326754e-09"
10,401,"4.304596e-09"
10,402,"4.282598e-09"
10,403,"4.260758e-09"
10,404,"4.239075e-09"
10,405,"4.217547e-09"
10,406,"4.196172e-09"
10,407,"4.174948e-09"
10,408,"4.153874e-09"
10,409,"4.132948e-09"
10,410,"4.112169e-09"
10,411,"4.091535e-09"
10,412,"4.071044e-09"
10,413,"4.050695e-09"
10,414,"4.030487e-09"
10,415,"4.010417e-09"
10,416,"3.990484e-09"
10,417,"3.970687e-09"
10,418,"3.951024e-09"
10,419,"3.931494e-09"
10,420,"3.912096e-09"
10,421,"3.892827e-09"
10,422,"3.873687e-09"
10,423,"3.854674e-09"
10,424,"3.835787e-09"
10,425,"3.817024e-09"
10,426,"3.798384e-09"
10,427,"3.779867e-09"
10,428,"3.761469e-09"
10,429,"3.743191e-09"
10,430,"3.725031e-09"
10,431,"3.706987e-09"
10,432,"3.689059e-09"
10,433,"3.671245e-09"
10,434,"3.653543e-09"
10,435,"3.635954e-09"
10,436,"3.618475e-09"
10,437,"3.601105e-09"
10,438,"3.583844e-09"
10,439,"3.566690e-09"
10,440,"3.549641e-09"
10,441,"3.532698e-09"
10,442,"3.515858e-09"
10,443,"3.499120e-09"
10,444,"3.482484e-09"
10,445,"3.465949e-09"
10,446,"3.449513e-09"
10,447,"3.433175e-09"
10,448,"3.416935e-09"
10,449,"3.400790e-09"
10,450,"3.384741e-09"
10,451,"3.368787e-09"
10,452,"3.352925e-09"
10,453,"3.337156e-09"
10,454,"3.321478e-09"
10,455,"3.305891e-09"
10,456,"3.290393e-09"
10,457,"3.274983e-09"
10,458,"3.259661e-09"
10,459,"3.244426e-09"
10,460,"3.229277e-09"
10,461,"3.214212e-09"
10,462,"3.199231e-09"
10,463,"3.184334e-09"
10,464,"3.169518e-09"
10,465,"3.154785e-09"
10,466,"3.140131e-09"
10,467,"3.125558e-09"
10,468,"3.111063e-09"
10,469,"3.096647e-09"
10,470,"3.082307e-09"
10,471,"3.068045e-09"
10,472,"3.053858e-09"
10,473,"3.039746e-09"
10,474,"3.025708e-09"
10,475,"3.011744e-09"
10,476,"2.997852e-09"
10,477,"2.984032e-09"
10,478,"2.970284e-09"
10,479,"2.956606e-09"
10,480,"2.942998e-09"
10,481,"2.929458e-09"
10,482,"2.915988e-09"
10,483,"2.902584e-09"
10,484,"2.889248e-09"
10,485,"2.875979e-09"
10,486,"2.862775e-09"
10,487,"2.849635e-09"
10,488,"2.836561e-09"
10,489,"2.823550e-09"
10,490,"2.810602e-09"
10,491,"2.797716e-09"
10,492,"2.784893e-09"
10,493,"2.772130e-09"
10,494,"2.759428e-09"
10,495,"2.746787e-09"
10,496,"2.734204e-09"
10,497,"2.721681e-09"
10,498,"2.709215e-09"
10,499,"2.696808e-09"
10,500,"2.684457e-09"
11,10,"2.871204e-07"
11,11,"2.823625e-07"
11,12,"2.776839e-07"
11,13,"2.730835e-07"
11,14,"2.685603e-07"
11,15,"2.641133e-07"
11,16,"2.597415e-07"
11,17,"2.554440e-07"
11,18,"2.512198e-07"
11,19,"2.470679e-07"
11,20,"2.429873e-07"
11,21,"2.389771e-07"
11,22,"2.350362e-07"
11,23,"2.311638e-07"
11,24,"2.273588e-07"
11,25,"2.236203e-07"
11,26,"2.199474e-07"
11,27,"2.163390e-07"
11,28,"2.127944e-07"
11,29,"2.093125e-07"
11,30,"2.058924e-07"
11,31,"2.025332e-07"
11,32,"1.992339e-07"
11,33,"1.959938e-07"
11,34,"1.928118e-07"
11,35,"1.896871e-07"
11,36,"1.866188e-07"
11,37,"1.836061e-07"
11,38,"1.806480e-07"
11,39,"1.777438e-07"
11,40,"1.748925e-07"
11,41,"1.720933e-07"
11,42,"1.693454e-07"
11,43,"1.666480e-07"
11,44,"1.640003e-07"
11,45,"1.614014e-07"
11,46,"1.588505e-07"
11,47,"1.563470e-07"
11,48,"1.538899e-07"
11,49,"1.514786e-07"
11,50,"1.491122e-07"
11,51,"1.467901e-07"
11,52,"1.445112e-07"
11,53,"1.422747e-07"
11,54,"1.400797e-07"
11,55,"1.379254e-07"
11,56,"1.358108e-07"
11,57,"1.337352e-07"
11,58,"1.316977e-07"
11,59,"1.296975e-07"
11,60,"1.277339e-07"
11,61,"1.258062e-07"
11,62,"1.239135e-07"
11,63,"1.220551e-07"
11,64,"1.202304e-07"
11,65,"1.184387e-07"
11,66,"1.166792e-07"
11,67,"1.149514e-07"
11,68,"1.132545e-07"
11,69,"1.115880e-07"
11,70,"1.099512e-07"
11,71,"1.083435e-07"
11,72,"1.067644e-07"
11,73,"1.052133e-07"
11,74,"1.036895e-07"
11,75,"1.021926e-07"
11,76,"1.007220e-07"
11,77,"9.927726e-08"
11,78,"9.785775e-08"
11,79,"9.646301e-08"
11,80,"9.509254e-08"
11,81,"9.374588e-08"
11,82,"9.242254e-08"
11,83,"9.112207e-08"
11,84,"8.984402e-08"
11,85,"8.858795e-08"
11,86,"8.735342e-08"
11,87,"8.614002e-08"
11,88,"8.494732e-08"
11,89,"8.377494e-08"
11,90,"8.262247e-08"
11,91,"8.148952e-08"
11,92,"8.037573e-08"
11,93,"7.928071e-08"
11,94,"7.820411e-08"
11,95,"7.714557e-08"
11,96,"7.610475e-08"
11,97,"7.508131e-08"
11,98,"7.407491e-08"
11,99,"7.308523e-08"
11,100,"7.211195e-08"
11,101,"7.115476e-08"
11,102,"7.021336e-08"
11,103,"6.928744e-08"
11,104,"6.837672e-08"
11,105,"6.748090e-08"
11,106,"6.659972e-08"
11,107,"6.573289e-08"
11,108,"6.488014e-08"
11,109,"6.404121e-08"
11,110,"6.321585e-08"
11,111,"6.240380e-08"
11,112,"6.160482e-08"
11,113,"6.081866e-08"
11,114,"6.004509e-08"
11,115,"5.928387e-08"
11,116,"5.853478e-08"
11,117,"5.779760e-08"
11,118,"5.707210e-08"
11,119,"5.635808e-08"
11,120,"5.565532e-08"
11,121,"5.496362e-08"
11,122,"5.428277e-08"
11,123,"5.361259e-08"
11,124,"5.295288e-08"
11,125,"5.230345e-08"
11,126,"5.166411e-08"
11,127,"5.103468e-08"
11,128,"5.041499e-08"
11,129,"4.980486e-08"
11,130,"4.920413e-08"
11,131,"4.861261e-08"
11,132,"4.803016e-08"
11,133,"4.745660e-08"
11,134,"4.689178e-08"
11,135,"4.633555e-08"
11,136,"4.578776e-08"
11,137,"4.524825e-08"
11,138,"4.471688e-08"
11,139,"4.419352e-08"
11,140,"4.367801e-08"
11,141,"4.317022e-08"
11,142,"4.267002e-08"
11,143,"4.217728e-08"
11,144,"4.169186e-08"
11,145,"4.121364e-08"
11,146,"4.074250e-08"
11,147,"4.027831e-08"
11,148,"3.982095e-08"
11,149,"3.937031e-08"
11,150,"3.892627e-08"
11,151,"3.848872e-08"
11,152,"3.805755e-08"
11,153,"3.763265e-08"
11,154,"3.721391e-08"
11,155,"3.680123e-08"
11,156,"3.639451e-08"
11,157,"3.599365e-08"
11,158,"3.559854e-08"
11,159,"3.520909e-08"
11,160,"3.482521e-08"
11,161,"3.444680e-08"
11,162,"3.407377e-08"
11,163,"3.370604e-08"
11,164,"3.334351e-08"
11,165,"3.298610e-08"
11,166,"3.263371e-08"
11,167,"3.228628e-08"
11,168,"3.194372e-08"
11,169,"3.160595e-08"
11,170,"3.127288e-08"
11,171,"3.094445e-08"
11,172,"3.062057e-08"
11,173,"3.030118e-08"
11,174,"2.998620e-08"
11,175,"2.967555e-08"
11,176,"2.936917e-08"
11,177,"2.906699e-08"
11,178,"2.876894e-08"
11,179,"2.847495e-08"
11,180,"2.818497e-08"
11,181,"2.789891e-08"
11,182,"2.761673e-08"
11,183,"2.733836e-08"
11,184,"2.706374e-08"
11,185,"2.679281e-08"
11,186,"2.652551e-08"
11,187,"2.626178e-08"
11,188,"2.600156e-08"
11,189,"2.574481e-08"
11,190,"2.549147e-08"
11,191,"2.524148e-08"
11,192,"2.499479e-08"
11,193,"2.475135e-08"
11,194,"2.451111e-08"
11,195,"2.427401e-08"
11,196,"2.404002e-08"
11,197,"2.380907e-08"
11,198,"2.358113e-08"
11,199,"2.335615e-08"
11,200,"2.313408e-08"
11,201,"2.291488e-08"
11,202,"2.269850e-08"
11,203,"2.248490e-08"
11,204,"2.227403e-08"
11,205,"2.206587e-08"
11,206,"2.186035e-08"
11,207,"2.165745e-08"
11,208,"2.145713e-08"
11,209,"2.125934e-08"
11,210,"2.106405e-08"
11,211,"2.087121e-08"
11,212,"2.068080e-08"
11,213,"2.049278e-08"
11,214,"2.030710e-08"
11,215,"2.012374e-08"
11,216,"1.994266e-08"
11,217,"1.976383e-08"
11,218,"1.958721e-08"
11,219,"1.941277e-08"
11,220,"1.924048e-08"
11,221,"1.907030e-08"
11,222,"1.890221e-08"
11,223,"1.873618e-08"
11,224,"1.857216e-08"
11,225,"1.841015e-08"
11,226,"1.825009e-08"
11,227,"1.809198e-08"
11,228,"1.793577e-08"
11,229,"1.778144e-08"
11,230,"1.762896e-08"
11,231,"1.747831e-08"
11,232,"1.732946e-08"
11,233,"1.718239e-08"
11,234,"1.703706e-08"
11,235,"1.689346e-08"
11,236,"1.675155e-08"
11,237,"1.661132e-08"
11,238,"1.647274e-08"
11,239,"1.633579e-08"
11,240,"1.620043e-08"
11,241,"1.606666e-08"
11,242,"1.593445e-08"
11,243,"1.580377e-08"
11,244,"1.567461e-08"
11,245,"1.554694e-08"
11,246,"1.542075e-08"
11,247,"1.529600e-08"
11,248,"1.517269e-08"
11,249,"1.505079e-08"
11,250,"1.493028e-08"
11,251,"1.481114e-08"
11,252,"1.469335e-08"
11,253,"1.457690e-08"
11,254,"1.446176e-08"
11,255,"1.434792e-08"
11,256,"1.423536e-08"
11,257,"1.412406e-08"
11,258,"1.401401e-08"
11,259,"1.390518e-08"
11,260,"1.379757e-08"
11,261,"1.369115e-08"
11,262,"1.358590e-08"
11,263,"1.348182e-08"
11,264,"1.337888e-08"
11,265,"1.327708e-08"
11,266,"1.317639e-08"
11,267,"1.307680e-08"
11,268,"1.297829e-08"
11,269,"1.288086e-08"
11,270,"1.278448e-08"
11,271,"1.268914e-08"
11,272,"1.259483e-08"
11,273,"1.250154e-08"
11,274,"1.240924e-08"
11,275,"1.231794e-08"
11,276,"1.222761e-08"
11,277,"1.213823e-08"
11,278,"1.204981e-08"
11,279,"1.196233e-08"
11,280,"1.187576e-08"
11,281,"1.179011e-08"
11,282,"1.170536e-08"
11,283,"1.162150e-08"
11,284,"1.153851e-08"
11,285,"1.145639e-08"
11,286,"1.137512e-08"
11,287,"1.129469e-08"
11,288,"1.121509e-08"
11,289,"1.113632e-08"
11,290,"1.105835e-08"
11,291,"1.098119e-08"
11,292,"1.090481e-08"
11,293,"1.082921e-08"
11,294,"1.075438e-08"
11,295,"1.068031e-08"
11,296,"1.060699e-08"
11,297,"1.053440e-08"
11,298,"1.046255e-08"
11,299,"1.039142e-08"
11,300,"1.032100e-08"
11,301,"1.025129e-08"
11,302,"1.018226e-08"
11,303,"1.011392e-08"
11,304,"1.004626e-08"
11,305,"9.979267e-09"
11,306,"9.912931e-09"
11,307,"9.847247e-09"
11,308,"9.782205e-09"
11,309,"9.717799e-09"
11,310,"9.654019e-09"
11,311,"9.590857e-09"
11,312,"9.528307e-09"
11,313,"9.466361e-09"
11,314,"9.405011e-09"
11,315,"9.344249e-09"
11,316,"9.284069e-09"
11,317,"9.224463e-09"
11,318,"9.165424e-09"
11,319,"9.106945e-09"
11,320,"9.049019e-09"
11,321,"8.991639e-09"
11,322,"8.934799e-09"
11,323,"8.878493e-09"
11,324,"8.822712e-09"
11,325,"8.767452e-09"
11,326,"8.712706e-09"
11,327,"8.658467e-09"
11,328,"8.604729e-09"
11,329,"8.551487e-09"
11,330,"8.498733e-09"
11,331,"8.446463e-09"
11,332,"8.394671e-09"
11,333,"8.343350e-09"
11,334,"8.292495e-09"
11,335,"8.242100e-09"
11,336,"8.192160e-09"
11,337,"8.142670e-09"
11,338,"8.093624e-09"
11,339,"8.045016e-09"
11,340,"7.996842e-09"
11,341,"7.949096e-09"
11,342,"7.901773e-09"
11,343,"7.854869e-09"
11,344,"7.808377e-09"
11,345,"7.762294e-09"
11,346,"7.716615e-09"
11,347,"7.671334e-09"
11,348,"7.626447e-09"
11,349,"7.581949e-09"
11,350,"7.537836e-09"
11,351,"7.494103e-09"
11,352,"7.450746e-09"
11,353,"7.407761e-09"
11,354,"7.365142e-09"
11,355,"7.322887e-09"
11,356,"7.280989e-09"
11,357,"7.239446e-09"
11,358,"7.198253e-09"
11,359,"7.157407e-09"
11,360,"7.116902e-09"
11,361,"7.076736e-09"
11,362,"7.036903e-09"
11,363,"6.997401e-09"
11,364,"6.958226e-09"
11,365,"6.919373e-09"
11,366,"6.880840e-09"
11,367,"6.842622e-09"
11,368,"6.804715e-09"
11,369,"6.767117e-09"
11,370,"6.729823e-09"
11,371,"6.692831e-09"
11,372,"6.656136e-09"
11,373,"6.619736e-09"
11,374,"6.583627e-09"
11,375,"6.547805e-09"
11,376,"6.512268e-09"
11,377,"6.477012e-09"
11,378,"6.442033e-09"
11,379,"6.407330e-09"
11,380,"6.372898e-09"
11,381,"6.338735e-09"
11,382,"6.304838e-09"
11,383,"6.271203e-09"
11,384,"6.237828e-09"
11,385,"6.204710e-09"
11,386,"6.171845e-09"
11,387,"6.139232e-09"
11,388,"6.106867e-09"
11,389,"6.074747e-09"
11,390,"6.042870e-09"
11,391,"6.011232e-09"
11,392,"5.979832e-09"
11,393,"5.948667e-09"
11,394,"5.917734e-09"
11,395,"5.887030e-09"
11,396,"5.856553e-09"
11,397,"5.826301e-09"
11,398,"5.796270e-09"
11,399,"5.766459e-09"
11,400,"5.736865e-09"
11,401,"5.707485e-09"
11,402,"5.678318e-09"
11,403,"5.649360e-09"
11,404,"5.620611e-09"
11,405,"5.592066e-09"
11,406,"5.563725e-09"
11,407,"5.535584e-09"
11,408,"5.507642e-09"
11,409,"5.479897e-09"
11,410,"5.452346e-09"
11,411,"5.424987e-09"
11,412,"5.397818e-09"
11,413,"5.370837e-09"
11,414,"5.344042e-09"
11,415,"5.317431e-09"
11,416,"5.291003e-09"
11,417,"5.264754e-09"
11,418,"5.238683e-09"
11,419,"5.212788e-09"
11,420,"5.187067e-09"
11,421,"5.161519e-09"
11,422,"5.136141e-09"
11,423,"5.110931e-09"
11,424,"5.085889e-09"
11,425,"5.061011e-09"
11,426,"5.036297e-09"
11,427,"5.011744e-09"
11,428,"4.987351e-09"
11,429,"4.963116e-09"
11,430,"4.939037e-09"
11,431,"4.915113e-09"
11,432,"4.891341e-09"
11,433,"4.867721e-09"
11,434,"4.844251e-09"
11,435,"4.820929e-09"
11,436,"4.797754e-09"
11,437,"4.774723e-09"
11,438,"4.751837e-09"
11,439,"4.729091e-09"
11,440,"4.706487e-09"
11,441,"4.684021e-09"
11,442,"4.661693e-09"
11,443,"4.639501e-09"
11,444,"4.617443e-09"
11,445,"4.595519e-09"
11,446,"4.573726e-09"
11,447,"4.552064e-09"
11,448,"4.530531e-09"
11,449,"4.509125e-09"
11,450,"4.487845e-09"
11,451,"4.466691e-09"
11,452,"4.445660e-09"
11,453,"4.424752e-09"
11,454,"4.403965e-09"
11,455,"4.383297e-09"
11,456,"4.362748e-09"
11,457,"4.342317e-09"
11,458,"4.322001e-09"
11,459,"4.301801e-09"
11,460,"4.281714e-09"
11,461,"4.261740e-09"
11,462,"4.241877e-09"
11,463,"4.222124e-09"
11,464,"4.202480e-09"
11,465,"4.182945e-09"
11,466,"4.163516e-09"
11,467,"4.144193e-09"
11,468,"4.124974e-09"
11,469,"4.105859e-09"
11,470,"4.086847e-09"
11,471,"4.067936e-09"
11,472,"4.049125e-09"
11,473,"4.030414e-09"
11,474,"4.011801e-09"
11,475,"3.993286e-09"
11,476,"3.974867e-09"
11,477,"3.956543e-09"
11,478,"3.938314e-09"
11,479,"3.920178e-09"
11,480,"3.902135e-09"
11,481,"3.884183e-09"
11,482,"3.866322e-09"
11,483,"3.848551e-09"
11,484,"3.830869e-09"
11,485,"3.813274e-09"
11,486,"3.795767e-09"
11,487,"3.778346e-09"
11,488,"3.761010e-09"
11,489,"3.743759e-09"
11,490,"3.726591e-09"
11,491,"3.709506e-09"
11,492,"3.692503e-09"
11,493,"3.675581e-09"
11,494,"3.658740e-09"
11,495,"3.641978e-09"
11,496,"3.625295e-09"
11,497,"3.608690e-09"
11,498,"3.592162e-09"
11,499,"3.575711e-09"
11,500,"3.559335e-09"
12,10,"3.668845e-07"
12,11,"3.608049e-07"
12,12,"3.548265e-07"
12,13,"3.489480e-07"
12,14,"3.431682e-07"
12,15,"3.374858e-07"
12,16,"3.318996e-07"
12,17,"3.264082e-07"
12,18,"3.210105e-07"
12,19,"3.157051e-07"
12,20,"3.104909e-07"
12,21,"3.053666e-07"
12,22,"3.003309e-07"
12,23,"2.953827e-07"
12,24,"2.905207e-07"
12,25,"2.857436e-07"
12,26,"2.810503e-07"
12,27,"2.764396e-07"
12,28,"2.719102e-07"
12,29,"2.674610e-07"
12,30,"2.630907e-07"
12,31,"2.587983e-07"
12,32,"2.545825e-07"
12,33,"2.504422e-07"
12,34,"2.463763e-07"
12,35,"2.423836e-07"
12,36,"2.384629e-07"
12,37,"2.346132e-07"
12,38,"2.308333e-07"
12,39,"2.271222e-07"
12,40,"2.234788e-07"
12,41,"2.199020e-07"
12,42,"2.163908e-07"
12,43,"2.129440e-07"
12,44,"2.095607e-07"
12,45,"2.062398e-07"
12,46,"2.029803e-07"
12,47,"1.997813e-07"
12,48,"1.966416e-07"
12,49,"1.935604e-07"
12,50,"1.905367e-07"
12,51,"1.875694e-07"
12,52,"1.846574e-07"
12,53,"1.817997e-07"
12,54,"1.789949e-07"
12,55,"1.762420e-07"
12,56,"1.735400e-07"
12,57,"1.708877e-07"
12,58,"1.682842e-07"
12,59,"1.657284e-07"
12,60,"1.632193e-07"
12,61,"1.607560e-07"
12,62,"1.583375e-07"
12,63,"1.559629e-07"
12,64,"1.536313e-07"
12,65,"1.513418e-07"
12,66,"1.490935e-07"
12,67,"1.468857e-07"
12,68,"1.447174e-07"
12,69,"1.425879e-07"
12,70,"1.404964e-07"
12,71,"1.384421e-07"
12,72,"1.364243e-07"
12,73,"1.344423e-07"
12,74,"1.324952e-07"
12,75,"1.305825e-07"
12,76,"1.287034e-07"
12,77,"1.268572e-07"
12,78,"1.250433e-07"
12,79,"1.232611e-07"
12,80,"1.215099e-07"
12,81,"1.197892e-07"
12,82,"1.180982e-07"
12,83,"1.164364e-07"
12,84,"1.148033e-07"
12,85,"1.131983e-07"
12,86,"1.116208e-07"
12,87,"1.100703e-07"
12,88,"1.085463e-07"
12,89,"1.070482e-07"
12,90,"1.055756e-07"
12,91,"1.041279e-07"
12,92,"1.027047e-07"
12,93,"1.013055e-07"
12,94,"9.992977e-08"
12,95,"9.857716e-08"
12,96,"9.724720e-08"
12,97,"9.593943e-08"
12,98,"9.465345e-08"
12,99,"9.338883e-08"
12,100,"9.214517e-08"
12,101,"9.092206e-08"
12,102,"8.971913e-08"
12,103,"8.853599e-08"
12,104,"8.737226e-08"
12,105,"8.622758e-08"
12,106,"8.510160e-08"
12,107,"8.399395e-08"
12,108,"8.290430e-08"
12,109,"8.183232e-08"
12,110,"8.077767e-08"
12,111,"7.974003e-08"
12,112,"7.871908e-08"
12,113,"7.771452e-08"
12,114,"7.672605e-08"
12,115,"7.575336e-08"
12,116,"7.479617e-08"
12,117,"7.385419e-08"
12,118,"7.292714e-08"
12,119,"7.201476e-08"
12,120,"7.111676e-08"
12,121,"7.023290e-08"
12,122,"6.936292e-08"
12,123,"6.850655e-08"
12,124,"6.766357e-08"
12,125,"6.683372e-08"
12,126,"6.601677e-08"
12,127,"6.521248e-08"
12,128,"6.442064e-08"
12,129,"6.364101e-08"
12,130,"6.287338e-08"
12,131,"6.211754e-08"
12,132,"6.137328e-08"
12,133,"6.064038e-08"
12,134,"5.991866e-08"
12,135,"5.920790e-08"
12,136,"5.850793e-08"
12,137,"5.781854e-08"
12,138,"5.713955e-08"
12,139,"5.647079e-08"
12,140,"5.581207e-08"
12,141,"5.516322e-08"
12,142,"5.452406e-08"
12,143,"5.389442e-08"
12,144,"5.327415e-08"
12,145,"5.266308e-08"
12,146,"5.206105e-08"
12,147,"5.146791e-08"
12,148,"5.088349e-08"
12,149,"5.030766e-08"
12,150,"4.974027e-08"
12,151,"4.918116e-08"
12,152,"4.863021e-08"
12,153,"4.808727e-08"
12,154,"4.755220e-08"
12,155,"4.702488e-08"
12,156,"4.650517e-08"
12,157,"4.599294e-08"
12,158,"4.548807e-08"
12,159,"4.499043e-08"
12,160,"4.449990e-08"
12,161,"4.401637e-08"
12,162,"4.353971e-08"
12,163,"4.306982e-08"
12,164,"4.260657e-08"
12,165,"4.214987e-08"
12,166,"4.169959e-08"
12,167,"4.125564e-08"
12,168,"4.081792e-08"
12,169,"4.038630e-08"
12,170,"3.996071e-08"
12,171,"3.954104e-08"
12,172,"3.912719e-08"
12,173,"3.871906e-08"
12,174,"3.831658e-08"
12,175,"3.791963e-08"
12,176,"3.752814e-08"
12,177,"3.714201e-08"
12,178,"3.676116e-08"
12,179,"3.638550e-08"
12,180,"3.601495e-08"
12,181,"3.564943e-08"
12,182,"3.528886e-08"
12,183,"3.493315e-08"
12,184,"3.458224e-08"
12,185,"3.423604e-08"
12,186,"3.389448e-08"
12,187,"3.355749e-08"
12,188,"3.322499e-08"
12,189,"3.289691e-08"
12,190,"3.257318e-08"
12,191,"3.225374e-08"
12,192,"3.193852e-08"
12,193,"3.162745e-08"
12,194,"3.132047e-08"
12,195,"3.101750e-08"
12,196,"3.071850e-08"
12,197,"3.042340e-08"
12,198,"3.013214e-08"
12,199,"2.984466e-08"
12,200,"2.956089e-08"
12,201,"2.928079e-08"
12,202,"2.900430e-08"
12,203,"2.873136e-08"
12,204,"2.846192e-08"
12,205,"2.819592e-08"
12,206,"2.793331e-08"
12,207,"2.767405e-08"
12,208,"2.741807e-08"
12,209,"2.716534e-08"
12,210,"2.691579e-08"
12,211,"2.666939e-08"
12,212,"2.642608e-08"
12,213,"2.618582e-08"
12,214,"2.594856e-08"
12,215,"2.571426e-08"
12,216,"2.548288e-08"
12,217,"2.525437e-08"
12,218,"2.502868e-08"
12,219,"2.480578e-08"
12,220,"2.458562e-08"
12,221,"2.436817e-08"
12,222,"2.415338e-08"
12,223,"2.394122e-08"
12,224,"2.373164e-08"
12,225,"2.352462e-08"
12,226,"2.332010e-08"
12,227,"2.311806e-08"
12,228,"2.291845e-08"
12,229,"2.272125e-08"
12,230,"2.252642e-08"
12,231,"2.233391e-08"
12,232,"2.214371e-08"
12,233,"2.195578e-08"
12,234,"2.177008e-08"
12,235,"2.158658e-08"
12,236,"2.140525e-08"
12,237,"2.122607e-08"
12,238,"2.104898e-08"
12,239,"2.087398e-08"
12,240,"2.070103e-08"
12,241,"2.053010e-08"
12,242,"2.036116e-08"
12,243,"2.019418e-08"
12,244,"2.002913e-08"
12,245,"1.986600e-08"
12,246,"1.970474e-08"
12,247,"1.954534e-08"
12,248,"1.938777e-08"
12,249,"1.923200e-08"
12,250,"1.907801e-08"
12,251,"1.892577e-08"
12,252,"1.877527e-08"
12,253,"1.862646e-08"
12,254,"1.847934e-08"
12,255,"1.833387e-08"
12,256,"1.819004e-08"
12,257,"1.804783e-08"
12,258,"1.790720e-08"
12,259,"1.776814e-08"
12,260,"1.763063e-08"
12,261,"1.749464e-08"
12,262,"1.736016e-08"
12,263,"1.722717e-08"
12,264,"1.709563e-08"
12,265,"1.696555e-08"
12,266,"1.683688e-08"
12,267,"1.670962e-08"
12,268,"1.658375e-08"
12,269,"1.645925e-08"
12,270,"1.633610e-08"
12,271,"1.621428e-08"
12,272,"1.609377e-08"
12,273,"1.597455e-08"
12,274,"1.585662e-08"
12,275,"1.573995e-08"
12,276,"1.562452e-08"
12,277,"1.551032e-08"
12,278,"1.539734e-08"
12,279,"1.528555e-08"
12,280,"1.517494e-08"
12,281,"1.506549e-08"
12,282,"1.495719e-08"
12,283,"1.485003e-08"
12,284,"1.474399e-08"
12,285,"1.463905e-08"
12,286,"1.453521e-08"
12,287,"1.443244e-08"
12,288,"1.433073e-08"
12,289,"1.423007e-08"
12,290,"1.413044e-08"
12,291,"1.403184e-08"
12,292,"1.393424e-08"
12,293,"1.383764e-08"
12,294,"1.374202e-08"
12,295,"1.364737e-08"
12,296,"1.355368e-08"
12,297,"1.346094e-08"
12,298,"1.336912e-08"
12,299,"1.327823e-08"
12,300,"1.318825e-08"
12,301,"1.309917e-08"
12,302,"1.301097e-08"
12,303,"1.292364e-08"
12,304,"1.283718e-08"
12,305,"1.275158e-08"
12,306,"1.266681e-08"
12,307,"1.258288e-08"
12,308,"1.249977e-08"
12,309,"1.241747e-08"
12,310,"1.233597e-08"
12,311,"1.225527e-08"
12,312,"1.217534e-08"
12,313,"1.209618e-08"
12,314,"1.201779e-08"
12,315,"1.194015e-08"
12,316,"1.186325e-08"
12,317,"1.178708e-08"
12,318,"1.171164e-08"
12,319,"1.163692e-08"
12,320,"1.156290e-08"
12,321,"1.148958e-08"
12,322,"1.141695e-08"
12,323,"1.134500e-08"
12,324,"1.127373e-08"
12,325,"1.120311e-08"
12,326,"1.113316e-08"
12,327,"1.106385e-08"
12,328,"1.099518e-08"
12,329,"1.092715e-08"
12,330,"1.085974e-08"
12,331,"1.079295e-08"
12,332,"1.072677e-08"
12,333,"1.066119e-08"
12,334,"1.059621e-08"
12,335,"1.053181e-08"
12,336,"1.046800e-08"
12,337,"1.040476e-08"
12,338,"1.034209e-08"
12,339,"1.027998e-08"
12,340,"1.021842e-08"
12,341,"1.015741e-08"
12,342,"1.009694e-08"
12,343,"1.003701e-08"
12,344,"9.977600e-09"
12,345,"9.918715e-09"
12,346,"9.860345e-09"
12,347,"9.802485e-09"
12,348,"9.745128e-09"
12,349,"9.688269e-09"
12,350,"9.631901e-09"
12,351,"9.576019e-09"
12,352,"9.520617e-09"
12,353,"9.465690e-09"
12,354,"9.411232e-09"
12,355,"9.357237e-09"
12,356,"9.303700e-09"
12,357,"9.250616e-09"
12,358,"9.197980e-09"
12,359,"9.145785e-09"
12,360,"9.094028e-09"
12,361,"9.042703e-09"
12,362,"8.991805e-09"
12,363,"8.941330e-09"
12,364,"8.891271e-09"
12,365,"8.841625e-09"
12,366,"8.792386e-09"
12,367,"8.743551e-09"
12,368,"8.695114e-09"
12,369,"8.647071e-09"
12,370,"8.599417e-09"
12,371,"8.552147e-09"
12,372,"8.505259e-09"
12,373,"8.458746e-09"
12,374,"8.412605e-09"
12,375,"8.366832e-09"
12,376,"8.321422e-09"
12,377,"8.276372e-09"
12,378,"8.231676e-09"
12,379,"8.187332e-09"
12,380,"8.143335e-09"
12,381,"8.099681e-09"
12,382,"8.056367e-09"
12,383,"8.013388e-09"
12,384,"7.970741e-09"
12,385,"7.928423e-09"
12,386,"7.886428e-09"
12,387,"7.844754e-09"
12,388,"7.803398e-09"
12,389,"7.762355e-09"
12,390,"7.721622e-09"
12,391,"7.681196e-09"
12,392,"7.641073e-09"
12,393,"7.601249e-09"
12,394,"7.561723e-09"
12,395,"7.522489e-09"
12,396,"7.483545e-09"
12,397,"7.444888e-09"
12,398,"7.406515e-09"
12,399,"7.368422e-09"
12,400,"7.330607e-09"
12,401,"7.293065e-09"
12,402,"7.255795e-09"
12,403,"7.218793e-09"
12,404,"7.182056e-09"
12,405,"7.145582e-09"
12,406,"7.109367e-09"
12,407,"7.073409e-09"
12,408,"7.037705e-09"
12,409,"7.002251e-09"
12,410,"6.967046e-09"
12,411,"6.932087e-09"
12,412,"6.897370e-09"
12,413,"6.862894e-09"
12,414,"6.828656e-09"
12,415,"6.794652e-09"
12,416,"6.760881e-09"
12,417,"6.727340e-09"
12,418,"6.694026e-09"
12,419,"6.660937e-09"
12,420,"6.628071e-09"
12,421,"6.595425e-09"
12,422,"6.562997e-09"
12,423,"6.530785e-09"
12,424,"6.498785e-09"
12,425,"6.466996e-09"
12,426,"6.435416e-09"
12,427,"6.404042e-09"
12,428,"6.372873e-09"
12,429,"6.341905e-09"
12,430,"6.311137e-09"
12,431,"6.280566e-09"
12,432,"6.250191e-09"
12,433,"6.220009e-09"
12,434,"6.190019e-09"
12,435,"6.160218e-09"
12,436,"6.130604e-09"
12,437,"6.101176e-09"
12,438,"6.071931e-09"
12,439,"6.042867e-09"
12,440,"6.013983e-09"
12,441,"5.985276e-09"
12,442,"5.956745e-09"
12,443,"5.928387e-09"
12,444,"5.900202e-09"
12,445,"5.872187e-09"
12,446,"5.844340e-09"
12,447,"5.816660e-09"
12,448,"5.789144e-09"
12,449,"5.761792e-09"
12,450,"5.734601e-09"
12,451,"5.707570e-09"
12,452,"5.680697e-09"
12,453,"5.653980e-09"
12,454,"5.627417e-09"
12,455,"5.601008e-09"
12,456,"5.574751e-09"
12,457,"5.548643e-09"
12,458,"5.522684e-09"
12,459,"5.496872e-09"
12,460,"5.471205e-09"
12,461,"5.445681e-09"
12,462,"5.420300e-09"
12,463,"5.395060e-09"
12,464,"5.369959e-09"
12,465,"5.344997e-09"
12,466,"5.320170e-09"
12,467,"5.295479e-09"
12,468,"5.270921e-09"
12,469,"5.246496e-09"
12,470,"5.222202e-09"
12,471,"5.198037e-09"
12,472,"5.174001e-09"
12,473,"5.150092e-09"
12,474,"5.126308e-09"
12,475,"5.102649e-09"
12,476,"5.079113e-09"
12,477,"5.055699e-09"
12,478,"5.032406e-09"
12,479,"5.009232e-09"
12,480,"4.986176e-09"
12,481,"4.963237e-09"
12,482,"4.940414e-09"
12,483,"4.917706e-09"
12,484,"4.895112e-09"
12,485,"4.872629e-09"
12,486,"4.850258e-09"
12,487,"4.827997e-09"
12,488,"4.805845e-09"
12,489,"4.783802e-09"
12,490,"4.761865e-09"
12,491,"4.740033e-09"
12,492,"4.718307e-09"
12,493,"4.696684e-09"
12,494,"4.675164e-09"
12,495,"4.653746e-09"
12,496,"4.632428e-09"
12,497,"4.611210e-09"
12,498,"4.590090e-09"
12,499,"4.569069e-09"
12,500,"4.548144e-09"
13,10,"4.688076e-07"
13,11,"4.610391e-07"
13,12,"4.533998e-07"
13,13,"4.458883e-07"
13,14,"4.385028e-07"
13,15,"4.312418e-07"
13,16,"4.241036e-07"
13,17,"4.170867e-07"
13,18,"4.101895e-07"
13,19,"4.034103e-07"
13,20,"3.967475e-07"
13,21,"3.901996e-07"
13,22,"3.837650e-07"
13,23,"3.774421e-07"
13,24,"3.712294e-07"
13,25,"3.651252e-07"
13,26,"3.591281e-07"
13,27,"3.532365e-07"
13,28,"3.474488e-07"
13,29,"3.417635e-07"
13,30,"3.361792e-07"
13,31,"3.306943e-07"
13,32,"3.253074e-07"
13,33,"3.200169e-07"
13,34,"3.148214e-07"
13,35,"3.097194e-07"
13,36,"3.047096e-07"
13,37,"2.997904e-07"
13,38,"2.949605e-07"
13,39,"2.902184e-07"
13,40,"2.855629e-07"
13,41,"2.809924e-07"
13,42,"2.765057e-07"
13,43,"2.721014e-07"
13,44,"2.677782e-07"
13,45,"2.635347e-07"
13,46,"2.593697e-07"
13,47,"2.552819e-07"
13,48,"2.512701e-07"
13,49,"2.473329e-07"
13,50,"2.434691e-07"
13,51,"2.396775e-07"
13,52,"2.359566e-07"
13,53,"2.323049e-07"
13,54,"2.287209e-07"
13,55,"2.252033e-07"
13,56,"2.217507e-07"
13,57,"2.183616e-07"
13,58,"2.150348e-07"
13,59,"2.117689e-07"
13,60,"2.085628e-07"
13,61,"2.054152e-07"
13,62,"2.023248e-07"
13,63,"1.992905e-07"
13,64,"1.963111e-07"
13,65,"1.933856e-07"
13,66,"1.905128e-07"
13,67,"1.876915e-07"
13,68,"1.849209e-07"
13,69,"1.821998e-07"
13,70,"1.795273e-07"
13,71,"1.769024e-07"
13,72,"1.743240e-07"
13,73,"1.717913e-07"
13,74,"1.693033e-07"
13,75,"1.668592e-07"
13,76,"1.644581e-07"
13,77,"1.620990e-07"
13,78,"1.597813e-07"
13,79,"1.575039e-07"
13,80,"1.552663e-07"
13,81,"1.530674e-07"
13,82,"1.509067e-07"
13,83,"1.487833e-07"
13,84,"1.466965e-07"
13,85,"1.446456e-07"
13,86,"1.426299e-07"
13,87,"1.406487e-07"
13,88,"1.387012e-07"
13,89,"1.367870e-07"
13,90,"1.349052e-07"
13,91,"1.330554e-07"
13,92,"1.312368e-07"
13,93,"1.294488e-07"
13,94,"1.276910e-07"
13,95,"1.259626e-07"
13,96,"1.242632e-07"
13,97,"1.225921e-07"
13,98,"1.209489e-07"
13,99,"1.193329e-07"
13,100,"1.177438e-07"
13,101,"1.161809e-07"
13,102,"1.146437e-07"
13,103,"1.131319e-07"
13,104,"1.116449e-07"
13,105,"1.101822e-07"
13,106,"1.087434e-07"
13,107,"1.073281e-07"
13,108,"1.059357e-07"
13,109,"1.045659e-07"
13,110,"1.032183e-07"
13,111,"1.018924e-07"
13,112,"1.005878e-07"
13,113,"9.930417e-08"
13,114,"9.804109e-08"
13,115,"9.679818e-08"
13,116,"9.557508e-08"
13,117,"9.437141e-08"
13,118,"9.318682e-08"
13,119,"9.202097e-08"
13,120,"9.087351e-08"
13,121,"8.974411e-08"
13,122,"8.863243e-08"
13,123,"8.753816e-08"
13,124,"8.646099e-08"
13,125,"8.540060e-08"
13,126,"8.435670e-08"
13,127,"8.332898e-08"
13,128,"8.231715e-08"
13,129,"8.132094e-08"
13,130,"8.034006e-08"
13,131,"7.937424e-08"
13,132,"7.842321e-08"
13,133,"7.748671e-08"
13,134,"7.656449e-08"
13,135,"7.565628e-08"
13,136,"7.476185e-08"
13,137,"7.388094e-08"
13,138,"7.301333e-08"
13,139,"7.215878e-08"
13,140,"7.131706e-08"
13,141,"7.048795e-08"
13,142,"6.967123e-08"
13,143,"6.886668e-08"
13,144,"6.807409e-08"
13,145,"6.729326e-08"
13,146,"6.652398e-08"
13,147,"6.576606e-08"
13,148,"6.501929e-08"
13,149,"6.428349e-08"
13,150,"6.355847e-08"
13,151,"6.284404e-08"
13,152,"6.214003e-08"
13,153,"6.144626e-08"
13,154,"6.076255e-08"
13,155,"6.008873e-08"
13,156,"5.942464e-08"
13,157,"5.877011e-08"
13,158,"5.812498e-08"
13,159,"5.748909e-08"
13,160,"5.686229e-08"
13,161,"5.624443e-08"
13,162,"5.563536e-08"
13,163,"5.503492e-08"
13,164,"5.444298e-08"
13,165,"5.385940e-08"
13,166,"5.328404e-08"
13,167,"5.271676e-08"
13,168,"5.215742e-08"
13,169,"5.160591e-08"
13,170,"5.106208e-08"
13,171,"5.052582e-08"
13,172,"4.999700e-08"
13,173,"4.947550e-08"
13,174,"4.896119e-08"
13,175,"4.845397e-08"
13,176,"4.795372e-08"
13,177,"4.746032e-08"
13,178,"4.697367e-08"
13,179,"4.649365e-08"
13,180,"4.602016e-08"
13,181,"4.555310e-08"
13,182,"4.509236e-08"
13,183,"4.463783e-08"
13,184,"4.418943e-08"
13,185,"4.374706e-08"
13,186,"4.331061e-08"
13,187,"4.288000e-08"
13,188,"4.245512e-08"
13,189,"4.203590e-08"
13,190,"4.162225e-08"
13,191,"4.121406e-08"
13,192,"4.081127e-08"
13,193,"4.041378e-08"
13,194,"4.002151e-08"
13,195,"3.963439e-08"
13,196,"3.925232e-08"
13,197,"3.887524e-08"
13,198,"3.850306e-08"
13,199,"3.813571e-08"
13,200,"3.777312e-08"
13,201,"3.741521e-08"
13,202,"3.706190e-08"
13,203,"3.671314e-08"
13,204,"3.636884e-08"
13,205,"3.602895e-08"
13,206,"3.569339e-08"
13,207,"3.536210e-08"
13,208,"3.503501e-08"
13,209,"3.471206e-08"
13,210,"3.439319e-08"
13,211,"3.407833e-08"
13,212,"3.376743e-08"
13,213,"3.346043e-08"
13,214,"3.315726e-08"
13,215,"3.285787e-08"
13,216,"3.256221e-08"
13,217,"3.227021e-08"
13,218,"3.198183e-08"
13,219,"3.169700e-08"
13,220,"3.141569e-08"
13,221,"3.113782e-08"
13,222,"3.086337e-08"
13,223,"3.059226e-08"
13,224,"3.032446e-08"
13,225,"3.005992e-08"
13,226,"2.979859e-08"
13,227,"2.954042e-08"
13,228,"2.928536e-08"
13,229,"2.903337e-08"
13,230,"2.878441e-08"
13,231,"2.853844e-08"
13,232,"2.829540e-08"
13,233,"2.805525e-08"
13,234,"2.781796e-08"
13,235,"2.758349e-08"
13,236,"2.735179e-08"
13,237,"2.712282e-08"
13,238,"2.689654e-08"
13,239,"2.667292e-08"
13,240,"2.645192e-08"
13,241,"2.623351e-08"
13,242,"2.601763e-08"
13,243,"2.580426e-08"
13,244,"2.559337e-08"
13,245,"2.538491e-08"
13,246,"2.517886e-08"
13,247,"2.497518e-08"
13,248,"2.477383e-08"
13,249,"2.457479e-08"
13,250,"2.437802e-08"
13,251,"2.418349e-08"
13,252,"2.399117e-08"
13,253,"2.380103e-08"
13,254,"2.361303e-08"
13,255,"2.342716e-08"
13,256,"2.324337e-08"
13,257,"2.306164e-08"
13,258,"2.288195e-08"
13,259,"2.270426e-08"
13,260,"2.252854e-08"
13,261,"2.235478e-08"
13,262,"2.218294e-08"
13,263,"2.201300e-08"
13,264,"2.184492e-08"
13,265,"2.167870e-08"
13,266,"2.151429e-08"
13,267,"2.135168e-08"
13,268,"2.119084e-08"
13,269,"2.103175e-08"
13,270,"2.087438e-08"
13,271,"2.071872e-08"
13,272,"2.056473e-08"
13,273,"2.041240e-08"
13,274,"2.026170e-08"
13,275,"2.011262e-08"
13,276,"1.996513e-08"
13,277,"1.981920e-08"
13,278,"1.967483e-08"
13,279,"1.953198e-08"
13,280,"1.939064e-08"
13,281,"1.925079e-08"
13,282,"1.911241e-08"
13,283,"1.897548e-08"
13,284,"1.883998e-08"
13,285,"1.870589e-08"
13,286,"1.857319e-08"
13,287,"1.844187e-08"
13,288,"1.831191e-08"
13,289,"1.818328e-08"
13,290,"1.805598e-08"
13,291,"1.792998e-08"
13,292,"1.780527e-08"
13,293,"1.768184e-08"
13,294,"1.755966e-08"
13,295,"1.743871e-08"
13,296,"1.731899e-08"
13,297,"1.720048e-08"
13,298,"1.708316e-08"
13,299,"1.696702e-08"
13,300,"1.685204e-08"
13,301,"1.673821e-08"
13,302,"1.662551e-08"
13,303,"1.651392e-08"
13,304,"1.640345e-08"
13,305,"1.629406e-08"
13,306,"1.618575e-08"
13,307,"1.607850e-08"
13,308,"1.597230e-08"
13,309,"1.586714e-08"
13,310,"1.576300e-08"
13,311,"1.565987e-08"
13,312,"1.555774e-08"
13,313,"1.545659e-08"
13,314,"1.535642e-08"
13,315,"1.525721e-08"
13,316,"1.515894e-08"
13,317,"1.506162e-08"
13,318,"1.496522e-08"
13,319,"1.486974e-08"
13,320,"1.477516e-08"
13,321,"1.468147e-08"
13,322,"1.458866e-08"
13,323,"1.449672e-08"
13,324,"1.440565e-08"
13,325,"1.431542e-08"
13,326,"1.422603e-08"
13,327,"1.413747e-08"
13,328,"1.404973e-08"
13,329,"1.396279e-08"
13,330,"1.387666e-08"
13,331,"1.379131e-08"
13,332,"1.370674e-08"
13,333,"1.362295e-08"
13,334,"1.353991e-08"
13,335,"1.345763e-08"
13,336,"1.337609e-08"
13,337,"1.329528e-08"
13,338,"1.321520e-08"
13,339,"1.313583e-08"
13,340,"1.305717e-08"
13,341,"1.297921e-08"
13,342,"1.290195e-08"
13,343,"1.282536e-08"
13,344,"1.274945e-08"
13,345,"1.267420e-08"
13,346,"1.259962e-08"
13,347,"1.252569e-08"
13,348,"1.245239e-08"
13,349,"1.237974e-08"
13,350,"1.230771e-08"
13,351,"1.223631e-08"
13,352,"1.216551e-08"
13,353,"1.209533e-08"
13,354,"1.202574e-08"
13,355,"1.195674e-08"
13,356,"1.188833e-08"
13,357,"1.182050e-08"
13,358,"1.175324e-08"
13,359,"1.168655e-08"
13,360,"1.162041e-08"
13,361,"1.155483e-08"
13,362,"1.148979e-08"
13,363,"1.142529e-08"
13,364,"1.136133e-08"
13,365,"1.129789e-08"
13,366,"1.123497e-08"
13,367,"1.117257e-08"
13,368,"1.111068e-08"
13,369,"1.104929e-08"
13,370,"1.098840e-08"
13,371,"1.092800e-08"
13,372,"1.086808e-08"
13,373,"1.080865e-08"
13,374,"1.074969e-08"
13,375,"1.069120e-08"
13,376,"1.063317e-08"
13,377,"1.057561e-08"
13,378,"1.051849e-08"
13,379,"1.046183e-08"
13,380,"1.040561e-08"
13,381,"1.034983e-08"
13,382,"1.029448e-08"
13,383,"1.023956e-08"
13,384,"1.018507e-08"
13,385,"1.013100e-08"
13,386,"1.007733e-08"
13,387,"1.002408e-08"
13,388,"9.971237e-09"
13,389,"9.918792e-09"
13,390,"9.866744e-09"
13,391,"9.815087e-09"
13,392,"9.763817e-09"
13,393,"9.712931e-09"
13,394,"9.662423e-09"
13,395,"9.612290e-09"
13,396,"9.562528e-09"
13,397,"9.513132e-09"
13,398,"9.464098e-09"
13,399,"9.415423e-09"
13,400,"9.367101e-09"
13,401,"9.319131e-09"
13,402,"9.271507e-09"
13,403,"9.224225e-09"
13,404,"9.177283e-09"
13,405,"9.130676e-09"
13,406,"9.084400e-09"
13,407,"9.038453e-09"
13,408,"8.992829e-09"
13,409,"8.947527e-09"
13,410,"8.902542e-09"
13,411,"8.857870e-09"
13,412,"8.813509e-09"
13,413,"8.769455e-09"
13,414,"8.725705e-09"
13,415,"8.682255e-09"
13,416,"8.639102e-09"
13,417,"8.596243e-09"
13,418,"8.553674e-09"
13,419,"8.511393e-09"
13,420,"8.469397e-09"
13,421,"8.427682e-09"
13,422,"8.386245e-09"
13,423,"8.345083e-09"
13,424,"8.304194e-09"
13,425,"8.263574e-09"
13,426,"8.223221e-09"
13,427,"8.183131e-09"
13,428,"8.143302e-09"
13,429,"8.103731e-09"
13,430,"8.064415e-09"
13,431,"8.025352e-09"
13,432,"7.986539e-09"
13,433,"7.947972e-09"
13,434,"7.909651e-09"
13,435,"7.871571e-09"
13,436,"7.833730e-09"
13,437,"7.796126e-09"
13,438,"7.758756e-09"
13,439,"7.721619e-09"
13,440,"7.684710e-09"
13,441,"7.648028e-09"
13,442,"7.611571e-09"
13,443,"7.575336e-09"
13,444,"7.539320e-09"
13,445,"7.503522e-09"
13,446,"7.467939e-09"
13,447,"7.432569e-09"
13,448,"7.397410e-09"
13,449,"7.362459e-09"
13,450,"7.327714e-09"
13,451,"7.293173e-09"
13,452,"7.258835e-09"
13,453,"7.224696e-09"
13,454,"7.190754e-09"
13,455,"7.157009e-09"
13,456,"7.123457e-09"
13,457,"7.090096e-09"
13,458,"7.056925e-09"
13,459,"7.023942e-09"
13,460,"6.991144e-09"
13,461,"6.958530e-09"
13,462,"6.926098e-09"
13,463,"6.893846e-09"
13,464,"6.861772e-09"
13,465,"6.829875e-09"
13,466,"6.798151e-09"
13,467,"6.766601e-09"
13,468,"6.735221e-09"
13,469,"6.704010e-09"
13,470,"6.672967e-09"
13,471,"6.642089e-09"
13,472,"6.611376e-09"
13,473,"6.580824e-09"
13,474,"6.550434e-09"
13,475,"6.520202e-09"
13,476,"6.490127e-09"
13,477,"6.460209e-09"
13,478,"6.430444e-09"
13,479,"6.400832e-09"
13,480,"6.371371e-09"
13,481,"6.342060e-09"
13,482,"6.312897e-09"
13,483,"6.283880e-09"
13,484,"6.255009e-09"
13,485,"6.226281e-09"
13,486,"6.197695e-09"
13,487,"6.169250e-09"
13,488,"6.140944e-09"
13,489,"6.112776e-09"
13,490,"6.084744e-09"
13,491,"6.056848e-09"
13,492,"6.029086e-09"
13,493,"6.001456e-09"
13,494,"5.973958e-09"
13,495,"5.946589e-09"
13,496,"5.919349e-09"
13,497,"5.892237e-09"
13,498,"5.865250e-09"
13,499,"5.838389e-09"
13,500,"5.811651e-09"
14,10,"5.990457e-07"
14,11,"5.891190e-07"
14,12,"5.793575e-07"
14,13,"5.697592e-07"
14,14,"5.603220e-07"
14,15,"5.510438e-07"
14,16,"5.419227e-07"
14,17,"5.329564e-07"
14,18,"5.241430e-07"
14,19,"5.154805e-07"
14,20,"5.069668e-07"
14,21,"4.985999e-07"
14,22,"4.903777e-07"
14,23,"4.822982e-07"
14,24,"4.743596e-07"
14,25,"4.665596e-07"
14,26,"4.588964e-07"
14,27,"4.513681e-07"
14,28,"4.439725e-07"
14,29,"4.367079e-07"
14,30,"4.295722e-07"
14,31,"4.225636e-07"
14,32,"4.156801e-07"
14,33,"4.089199e-07"
14,34,"4.022810e-07"
14,35,"3.957617e-07"
14,36,"3.893601e-07"
14,37,"3.830743e-07"
14,38,"3.769026e-07"
14,39,"3.708432e-07"
14,40,"3.648943e-07"
14,41,"3.590541e-07"
14,42,"3.533209e-07"
14,43,"3.476931e-07"
14,44,"3.421688e-07"
14,45,"3.367465e-07"
14,46,"3.314245e-07"
14,47,"3.262011e-07"
14,48,"3.210747e-07"
14,49,"3.160437e-07"
14,50,"3.111066e-07"
14,51,"3.062616e-07"
14,52,"3.015070e-07"
14,53,"2.968409e-07"
14,54,"2.922613e-07"
14,55,"2.877664e-07"
14,56,"2.833546e-07"
14,57,"2.790240e-07"
14,58,"2.747730e-07"
14,59,"2.705999e-07"
14,60,"2.665031e-07"
14,61,"2.624810e-07"
14,62,"2.585321e-07"
14,63,"2.546548e-07"
14,64,"2.508478e-07"
14,65,"2.471095e-07"
14,66,"2.434386e-07"
14,67,"2.398336e-07"
14,68,"2.362933e-07"
14,69,"2.328163e-07"
14,70,"2.294013e-07"
14,71,"2.260471e-07"
14,72,"2.227524e-07"
14,73,"2.195161e-07"
14,74,"2.163370e-07"
14,75,"2.132139e-07"
14,76,"2.101457e-07"
14,77,"2.071313e-07"
14,78,"2.041696e-07"
14,79,"2.012597e-07"
14,80,"1.984003e-07"
14,81,"1.955907e-07"
14,82,"1.928297e-07"
14,83,"1.901164e-07"
14,84,"1.874499e-07"
14,85,"1.848292e-07"
14,86,"1.822535e-07"
14,87,"1.797219e-07"
14,88,"1.772334e-07"
14,89,"1.747874e-07"
14,90,"1.723829e-07"
14,91,"1.700191e-07"
14,92,"1.676953e-07"
14,93,"1.654106e-07"
14,94,"1.631644e-07"
14,95,"1.609559e-07"
14,96,"1.587844e-07"
14,97,"1.566491e-07"
14,98,"1.545493e-07"
14,99,"1.524844e-07"
14,100,"1.504538e-07"
14,101,"1.484567e-07"
14,102,"1.464926e-07"
14,103,"1.445608e-07"
14,104,"1.426606e-07"
14,105,"1.407916e-07"
14,106,"1.389531e-07"
14,107,"1.371446e-07"
14,108,"1.353654e-07"
14,109,"1.336151e-07"
14,110,"1.318931e-07"
14,111,"1.301988e-07"
14,112,"1.285318e-07"
14,113,"1.268916e-07"
14,114,"1.252776e-07"
14,115,"1.236894e-07"
14,116,"1.221265e-07"
14,117,"1.205885e-07"
14,118,"1.190748e-07"
14,119,"1.175851e-07"
14,120,"1.161188e-07"
14,121,"1.146757e-07"
14,122,"1.132552e-07"
14,123,"1.118569e-07"
14,124,"1.104805e-07"
14,125,"1.091255e-07"
14,126,"1.077916e-07"
14,127,"1.064784e-07"
14,128,"1.051854e-07"
14,129,"1.039125e-07"
14,130,"1.026591e-07"
14,131,"1.014250e-07"
14,132,"1.002097e-07"
14,133,"9.901308e-08"
14,134,"9.783465e-08"
14,135,"9.667413e-08"
14,136,"9.553122e-08"
14,137,"9.440560e-08"
14,138,"9.329696e-08"
14,139,"9.220501e-08"
14,140,"9.112945e-08"
14,141,"9.007001e-08"
14,142,"8.902639e-08"
14,143,"8.799834e-08"
14,144,"8.698556e-08"
14,145,"8.598781e-08"
14,146,"8.500482e-08"
14,147,"8.403634e-08"
14,148,"8.308211e-08"
14,149,"8.214190e-08"
14,150,"8.121547e-08"
14,151,"8.030257e-08"
14,152,"7.940298e-08"
14,153,"7.851647e-08"
14,154,"7.764282e-08"
14,155,"7.678181e-08"
14,156,"7.593323e-08"
14,157,"7.509686e-08"
14,158,"7.427251e-08"
14,159,"7.345997e-08"
14,160,"7.265905e-08"
14,161,"7.186954e-08"
14,162,"7.109126e-08"
14,163,"7.032402e-08"
14,164,"6.956763e-08"
14,165,"6.882193e-08"
14,166,"6.808673e-08"
14,167,"6.736185e-08"
14,168,"6.664713e-08"
14,169,"6.594240e-08"
14,170,"6.524749e-08"
14,171,"6.456226e-08"
14,172,"6.388652e-08"
14,173,"6.322014e-08"
14,174,"6.256296e-08"
14,175,"6.191483e-08"
14,176,"6.127561e-08"
14,177,"6.064514e-08"
14,178,"6.002329e-08"
14,179,"5.940992e-08"
14,180,"5.880489e-08"
14,181,"5.820808e-08"
14,182,"5.761934e-08"
14,183,"5.703854e-08"
14,184,"5.646557e-08"
14,185,"5.590030e-08"
14,186,"5.534261e-08"
14,187,"5.479236e-08"
14,188,"5.424946e-08"
14,189,"5.371378e-08"
14,190,"5.318520e-08"
14,191,"5.266362e-08"
14,192,"5.214893e-08"
14,193,"5.164102e-08"
14,194,"5.113978e-08"
14,195,"5.064511e-08"
14,196,"5.015690e-08"
14,197,"4.967506e-08"
14,198,"4.919949e-08"
14,199,"4.873009e-08"
14,200,"4.826676e-08"
14,201,"4.780942e-08"
14,202,"4.735796e-08"
14,203,"4.691231e-08"
14,204,"4.647237e-08"
14,205,"4.603805e-08"
14,206,"4.560927e-08"
14,207,"4.518594e-08"
14,208,"4.476799e-08"
14,209,"4.435532e-08"
14,210,"4.394786e-08"
14,211,"4.354554e-08"
14,212,"4.314827e-08"
14,213,"4.275597e-08"
14,214,"4.236858e-08"
14,215,"4.198602e-08"
14,216,"4.160822e-08"
14,217,"4.123510e-08"
14,218,"4.086661e-08"
14,219,"4.050266e-08"
14,220,"4.014319e-08"
14,221,"3.978813e-08"
14,222,"3.943743e-08"
14,223,"3.909101e-08"
14,224,"3.874882e-08"
14,225,"3.841078e-08"
14,226,"3.807685e-08"
14,227,"3.774696e-08"
14,228,"3.742104e-08"
14,229,"3.709905e-08"
14,230,"3.678093e-08"
14,231,"3.646662e-08"
14,232,"3.615606e-08"
14,233,"3.584920e-08"
14,234,"3.554599e-08"
14,235,"3.524638e-08"
14,236,"3.495031e-08"
14,237,"3.465773e-08"
14,238,"3.436860e-08"
14,239,"3.408285e-08"
14,240,"3.380046e-08"
14,241,"3.352136e-08"
14,242,"3.324551e-08"
14,243,"3.297287e-08"
14,244,"3.270339e-08"
14,245,"3.243702e-08"
14,246,"3.217373e-08"
14,247,"3.191346e-08"
14,248,"3.165618e-08"
14,249,"3.140184e-08"
14,250,"3.115041e-08"
14,251,"3.090184e-08"
14,252,"3.065609e-08"
14,253,"3.041312e-08"
14,254,"3.017290e-08"
14,255,"2.993539e-08"
14,256,"2.970054e-08"
14,257,"2.946833e-08"
14,258,"2.923872e-08"
14,259,"2.901166e-08"
14,260,"2.878714e-08"
14,261,"2.856510e-08"
14,262,"2.834552e-08"
14,263,"2.812836e-08"
14,264,"2.791360e-08"
14,265,"2.770119e-08"
14,266,"2.749111e-08"
14,267,"2.728333e-08"
14,268,"2.707781e-08"
14,269,"2.687452e-08"
14,270,"2.667343e-08"
14,271,"2.647452e-08"
14,272,"2.627776e-08"
14,273,"2.608311e-08"
14,274,"2.589055e-08"
14,275,"2.570005e-08"
14,276,"2.551158e-08"
14,277,"2.532512e-08"
14,278,"2.514063e-08"
14,279,"2.495810e-08"
14,280,"2.477750e-08"
14,281,"2.459880e-08"
14,282,"2.442197e-08"
14,283,"2.424700e-08"
14,284,"2.407386e-08"
14,285,"2.390252e-08"
14,286,"2.373296e-08"
14,287,"2.356515e-08"
14,288,"2.339908e-08"
14,289,"2.323473e-08"
14,290,"2.307206e-08"
14,291,"2.291106e-08"
14,292,"2.275171e-08"
14,293,"2.259398e-08"
14,294,"2.243785e-08"
14,295,"2.228331e-08"
14,296,"2.213033e-08"
14,297,"2.197890e-08"
14,298,"2.182899e-08"
14,299,"2.168058e-08"
14,300,"2.153366e-08"
14,301,"2.138820e-08"
14,302,"2.124419e-08"
14,303,"2.110161e-08"
14,304,"2.096044e-08"
14,305,"2.082066e-08"
14,306,"2.068226e-08"
14,307,"2.054522e-08"
14,308,"2.040952e-08"
14,309,"2.027514e-08"
14,310,"2.014207e-08"
14,311,"2.001029e-08"
14,312,"1.987979e-08"
14,313,"1.975054e-08"
14,314,"1.962254e-08"
14,315,"1.949577e-08"
14,316,"1.937021e-08"
14,317,"1.924585e-08"
14,318,"1.912267e-08"
14,319,"1.900066e-08"
14,320,"1.887980e-08"
14,321,"1.876009e-08"
14,322,"1.864150e-08"
14,323,"1.852402e-08"
14,324,"1.840764e-08"
14,325,"1.829234e-08"
14,326,"1.817812e-08"
14,327,"1.806496e-08"
14,328,"1.795284e-08"
14,329,"1.784175e-08"
14,330,"1.773169e-08"
14,331,"1.762263e-08"
14,332,"1.751457e-08"
14,333,"1.740750e-08"
14,334,"1.730140e-08"
14,335,"1.719625e-08"
14,336,"1.709206e-08"
14,337,"1.698880e-08"
14,338,"1.688647e-08"
14,339,"1.678506e-08"
14,340,"1.668455e-08"
14,341,"1.658493e-08"
14,342,"1.648620e-08"
14,343,"1.638834e-08"
14,344,"1.629134e-08"
14,345,"1.619519e-08"
14,346,"1.609988e-08"
14,347,"1.600541e-08"
14,348,"1.591176e-08"
14,349,"1.581892e-08"
14,350,"1.572688e-08"
14,351,"1.563564e-08"
14,352,"1.554518e-08"
14,353,"1.545549e-08"
14,354,"1.536658e-08"
14,355,"1.527841e-08"
14,356,"1.519100e-08"
14,357,"1.510432e-08"
14,358,"1.501838e-08"
14,359,"1.493316e-08"
14,360,"1.484865e-08"
14,361,"1.476485e-08"
14,362,"1.468174e-08"
14,363,"1.459932e-08"
14,364,"1.451759e-08"
14,365,"1.443653e-08"
14,366,"1.435613e-08"
14,367,"1.427639e-08"
14,368,"1.419730e-08"
14,369,"1.411886e-08"
14,370,"1.404105e-08"
14,371,"1.396387e-08"
14,372,"1.388731e-08"
14,373,"1.381137e-08"
14,374,"1.373603e-08"
14,375,"1.366129e-08"
14,376,"1.358714e-08"
14,377,"1.351359e-08"
14,378,"1.344061e-08"
14,379,"1.336820e-08"
14,380,"1.329637e-08"
14,381,"1.322509e-08"
14,382,"1.315436e-08"
14,383,"1.308419e-08"
14,384,"1.301456e-08"
14,385,"1.294546e-08"
14,386,"1.287689e-08"
14,387,"1.280885e-08"
14,388,"1.274132e-08"
14,389,"1.267430e-08"
14,390,"1.260780e-08"
14,391,"1.254179e-08"
14,392,"1.247628e-08"
14,393,"1.241125e-08"
14,394,"1.234671e-08"
14,395,"1.228265e-08"
14,396,"1.221907e-08"
14,397,"1.215595e-08"
14,398,"1.209329e-08"
14,399,"1.203109e-08"
14,400,"1.196935e-08"
14,401,"1.190805e-08"
14,402,"1.184720e-08"
14,403,"1.178678e-08"
14,404,"1.172680e-08"
14,405,"1.166724e-08"
14,406,"1.160811e-08"
14,407,"1.154940e-08"
14,408,"1.149110e-08"
14,409,"1.143321e-08"
14,410,"1.137573e-08"
14,411,"1.131865e-08"
14,412,"1.126197e-08"
14,413,"1.120567e-08"
14,414,"1.114977e-08"
14,415,"1.109425e-08"
14,416,"1.103911e-08"
14,417,"1.098434e-08"
14,418,"1.092995e-08"
14,419,"1.087592e-08"
14,420,"1.082226e-08"
14,421,"1.076895e-08"
14,422,"1.071600e-08"
14,423,"1.066341e-08"
14,424,"1.061116e-08"
14,425,"1.055925e-08"
14,426,"1.050769e-08"
14,427,"1.045646e-08"
14,428,"1.040557e-08"
14,429,"1.035501e-08"
14,430,"1.030477e-08"
14,431,"1.025485e-08"
14,432,"1.020526e-08"
14,433,"1.015598e-08"
14,434,"1.010701e-08"
14,435,"1.005835e-08"
14,436,"1.001000e-08"
14,437,"9.961946e-09"
14,438,"9.914194e-09"
14,439,"9.866739e-09"
14,440,"9.819577e-09"
14,441,"9.772705e-09"
14,442,"9.726120e-09"
14,443,"9.679818e-09"
14,444,"9.633797e-09"
14,445,"9.588054e-09"
14,446,"9.542586e-09"
14,447,"9.497390e-09"
14,448,"9.452463e-09"
14,449,"9.407803e-09"
14,450,"9.363406e-09"
14,451,"9.319269e-09"
14,452,"9.275391e-09"
14,453,"9.231768e-09"
14,454,"9.188397e-09"
14,455,"9.145277e-09"
14,456,"9.102404e-09"
14,457,"9.059775e-09"
14,458,"9.017389e-09"
14,459,"8.975243e-09"
14,460,"8.933334e-09"
14,461,"8.891660e-09"
14,462,"8.850218e-09"
14,463,"8.809006e-09"
14,464,"8.768022e-09"
14,465,"8.727263e-09"
14,466,"8.686727e-09"
14,467,"8.646411e-09"
14,468,"8.606314e-09"
14,469,"8.566432e-09"
14,470,"8.526765e-09"
14,471,"8.487309e-09"
14,472,"8.448063e-09"
14,473,"8.409024e-09"
14,474,"8.370191e-09"
14,475,"8.331560e-09"
14,476,"8.293131e-09"
14,477,"8.254901e-09"
14,478,"8.216867e-09"
14,479,"8.179029e-09"
14,480,"8.141384e-09"
14,481,"8.103930e-09"
14,482,"8.066665e-09"
14,483,"8.029587e-09"
14,484,"7.992695e-09"
14,485,"7.955986e-09"
14,486,"7.919459e-09"
14,487,"7.883111e-09"
14,488,"7.846942e-09"
14,489,"7.810949e-09"
14,490,"7.775130e-09"
14,491,"7.739484e-09"
14,492,"7.704009e-09"
14,493,"7.668704e-09"
14,494,"7.633566e-09"
14,495,"7.598594e-09"
14,496,"7.563787e-09"
14,497,"7.529142e-09"
14,498,"7.494659e-09"
14,499,"7.460335e-09"
14,500,"7.426169e-09"
