Sequence,Size,Distance,Start-Pos,End-Pos
tgtatt,6,200,990,995
cggtta,6,738,738,743
cggtta,6,602,1345,1350
ctcaag,6,1488,1488,1493
caagaa,6,1067,2029,2034
tgtttg,6,755,755,760
tgtttg,6,1229,1989,1994
tccaga,6,833,2263,2268
atccag,6,93,2967,2972
ctcaag,6,534,2027,2032
ttgtcc,6,764,764,769
atccag,6,602,2869,2874
atccag,6,834,2262,2267
taacag,6,773,773,778
taacag,6,1025,1803,1808
agcgat,6,777,777,782
agcgat,6,1198,2675,2680
tgtatt,6,785,785,790
caagaa,6,765,2799,2804
ttgtcc,6,1365,2495,2500
ggtggc,6,1499,1499,1504
tgttcc,6,837,1569,1574
tgttcc,6,727,727,732
ggcgaa,6,1502,1502,1507
aatatt,6,705,705,710
aatatt,6,1341,2460,2465
atattg,6,706,706,711
atattg,6,1301,2501,2506
tgttga,6,710,710,715
tgttga,6,157,872,877
gtggcg,6,119,1624,1629
tccaga,6,402,2670,2675
tgcgct,6,716,716,721
tgcgct,6,568,1289,1294
tgcgct,6,265,1559,1564
tgcgct,6,336,1900,1905
cgctgg,6,718,718,723
cgctgg,6,1245,1968,1973
gtggcg,6,1500,1500,1505
ggtggc,6,352,1856,1861
ggccgt,6,722,722,727
ggccgt,6,958,2860,2865
gtattt,6,786,786,791
gtattt,6,1097,1888,1893
tatttc,6,787,787,792
tatttc,6,834,3049,3054
tttggt,6,1059,1891,1896
tttggt,6,201,2097,2102
cgagtg,6,838,838,843
cgagtg,6,3939,3096,0
gagcat,6,1308,2781,2786
gagcat,6,1468,1468,1473
ttttga,6,845,845,850
ttttga,6,115,965,970
cccccc,6,242,1705,1710
cccccc,6,1458,1458,1463
aaaacg,6,18,2705,2710
aaaacg,6,200,2682,2687
cgcccc,6,871,2332,2337
cgcccc,6,1456,1456,1461
cgtaat,6,858,858,863
cgtaat,6,1091,2863,2868
tggcct,6,867,867,872
tggcct,6,986,1858,1863
ctgttg,6,871,871,876
tttggt,6,827,827,832
ggcgaa,6,978,2485,2490
acggtt,6,516,1344,1349
aacggt,6,73,2956,2961
aaatcg,6,1167,2651,2656
aaatcg,6,1479,1479,1484
aagaag,6,1066,2030,2035
aagaag,6,454,2489,2494
gctcag,6,798,798,803
gctcag,6,1262,2065,2070
gcatca,6,958,2433,2438
gcatca,6,1470,1470,1475
tcacgc,6,810,810,815
tcacgc,6,827,1642,1647
gcatga,6,814,814,819
gcatga,6,1502,2408,2413
gcggca,6,187,2430,2435
gcggca,6,858,2238,2243
ataacg,6,820,820,825
ataacg,6,542,1367,1372
aacggt,6,822,822,827
aacggt,6,1211,2707,2712
aacggt,6,166,2878,2883
acggtt,6,823,823,828
ctgttg,6,1483,2359,2364
aaaccc,6,1506,1506,1511
aacccg,6,1507,1507,1512
tagctc,6,1458,1638,1643
ctctcc,6,589,589,594
ctctcc,6,969,1563,1568
tctccc,6,590,590,595
tctccc,6,1013,1608,1613
ccatca,6,598,598,603
ccatca,6,1298,2396,2401
caagca,6,602,602,607
ttatgc,6,671,1259,1264
caagca,6,1388,1995,2000
cgcctt,6,121,1728,1733
cgcctt,6,1494,1602,1607
ctgccg,6,258,2644,2649
ctgccg,6,797,2381,2386
ctgccg,6,1517,1579,1584
tgatga,6,623,623,628
tgatga,6,220,848,853
tgatga,6,1533,2411,2416
cgcctt,6,715,2448,2453
ttatgc,6,583,583,588
gagttt,6,88,1155,1160
gagttt,6,478,1062,1067
agatgg,6,1383,2266,2271
ccgtct,6,560,560,565
ccgtct,6,906,2750,2755
gtctga,6,562,562,567
gtctga,6,1491,2058,2063
gtctga,6,130,2193,2198
ctcacg,6,436,2082,2087
ctcacg,6,1455,1641,1646
gaactg,6,566,566,571
gaactg,6,478,1049,1054
aactgg,6,567,567,572
aactgg,6,1140,2523,2528
actggc,6,568,568,573
actggc,6,1212,1785,1790
tagctc,6,1054,3000,3005
ctcgct,6,7,1284,1289
ggagtt,6,578,578,583
ggagtt,6,1404,2270,2275
gagttt,6,579,579,584
ctccct,6,53,1609,1614
ctccct,6,1545,1551,1556
agctcc,6,1447,3001,3006
gcgtgg,6,630,630,635
ccaggt,6,671,671,676
ccaggt,6,1172,2595,2600
aggtat,6,673,673,678
aggtat,6,973,1651,1656
aggtat,6,166,1822,1827
ggtatt,6,674,674,679
ggtatt,6,425,1104,1109
ggtatt,6,1539,2661,2666
ataaag,6,1521,1521,1526
acagga,6,490,2300,2305
aagaat,6,682,682,687
aagaat,6,978,2800,2805
gaatat,6,684,684,689
gaatat,6,1153,2627,2632
acagga,6,287,1805,1810
acagga,6,1513,1513,1518
ccgaca,6,869,2384,2389
ccgaca,6,1510,1510,1515
aacccg,6,247,1759,1764
aacagc,6,107,774,779
aaaccc,6,1064,2575,2580
aacagc,6,662,662,667
aaaaca,6,660,660,665
gcgtgg,6,987,1622,1627
cgtggt,6,631,631,636
cgtggt,6,1069,2658,2663
gtggtt,6,632,632,637
gtggtt,6,1342,1979,1984
tggtta,6,633,633,638
tggtta,6,844,2885,2890
ggttac,6,634,634,639
ggttac,6,100,739,744
agctcc,6,1549,1549,1554
cgtttc,6,1146,2686,2691
cgtttc,6,1535,1535,1540
attcat,6,413,2785,2790
attcat,6,729,2367,2372
tgccac,6,753,3100,4
tgccac,6,754,2342,2347
gatacc,6,61,1592,1597
gatacc,6,1526,1526,1531
ataaag,6,1284,2810,2815
aaaaca,6,1197,2559,2564
agatgg,6,553,553,558
aacaag,6,877,877,882
caagtc,6,879,879,884
aaaggc,6,1385,2812,2817
aaaggc,6,13,1422,1427
aaaggc,6,6,1404,1409
aaaggc,6,56,1393,1398
aaaggc,6,1332,1332,1337
tatggt,6,1101,1101,1106
tatggt,6,1140,3057,3062
atatga,6,1120,1120,1125
ttttca,6,1504,2600,2605
atatga,6,1053,2178,2183
taaatt,6,1009,2141,2146
tgcagt,6,1132,1132,1137
tgcagt,6,49,1186,1191
cagttt,6,1134,1134,1139
cagttt,6,1539,2691,2696
gtttca,6,1136,1136,1141
gtttca,6,1546,2687,2692
atcagc,6,1110,2435,2440
taaatt,6,1127,1127,1132
ttttca,6,1091,1091,1096
aaaggc,6,40,2857,2862
acggct,6,778,1868,1873
gaagtt,6,333,2491,2496
gaagtt,6,943,2153,2158
gttttc,6,1064,1064,1069
gttttc,6,1530,2599,2604
aaaatg,6,770,2923,2928
aaaatg,6,948,2148,2153
tctcct,6,1068,1068,1073
tctcct,6,491,1564,1569
tacggt,6,1343,1343,1348
aatacg,6,1408,3029,3034
aatacg,6,1341,1341,1346
cggtaa,6,21,1763,1768
cggtaa,6,395,1737,1742
acagaa,6,1079,1079,1084
acagaa,6,270,1354,1359
cagaaa,6,1080,1080,1085
cagaaa,6,928,2013,2018
cggtaa,6,1337,1337,1342
acggct,6,1085,1085,1090
atcagc,6,1320,1320,1325
ggtatc,6,237,1894,1899
ggtatc,6,330,1652,1657
ggtatc,6,1317,1317,1322
aaccga,6,1000,2243,2248
cgaaaa,6,1241,1241,1246
cgaaaa,6,830,2076,2081
cgaaaa,6,475,2556,2561
aaaaga,6,1243,1243,1248
aaaaga,6,682,1930,1935
aaagat,6,1244,1244,1249
aaagat,6,274,1523,1528
cgctca,6,1274,1274,1279
tcgctc,6,399,1677,1682
attact,6,1248,1248,1253
attact,6,1031,2284,2289
cgcgtt,6,1255,1255,1260
cgcgtt,6,168,1428,1433
caggct,6,1264,1264,1269
caggct,6,180,1449,1454
aggctt,6,1265,1265,1270
aggctt,6,936,2206,2211
tcgctc,6,1273,1273,1278
aaccga,6,1238,1238,1243
tcggtg,6,601,1663,1668
ggtcat,6,996,2100,2105
cgctca,6,207,1486,1491
cgatga,6,1151,1151,1156
cgatga,6,1521,2677,2682
atgagt,6,1153,1153,1158
atgagt,6,1022,2180,2185
gcggta,6,16,1336,1341
gcggta,6,1315,1315,1320
agcggt,6,656,1975,1980
agcggt,6,1314,1314,1319
gcgagc,6,996,2312,2317
gcgagc,6,1311,1311,1316
gttcgg,6,356,1661,1666
gttcgg,6,1300,1300,1305
ttggtc,6,998,2098,2103
ttggtc,6,87,2190,2195
ttcacc,6,472,2602,2607
ttcacc,6,971,2125,2130
cccttt,6,1224,1224,1229
cccttt,6,1349,2578,2583
cgctca,6,573,2064,2069
ggtcat,6,175,2280,2285
aacaag,6,1258,2715,2720
tcggtg,6,1057,1057,1062
ctcggt,6,1056,1056,1061
ttcagt,6,923,923,928
ttcagt,6,1330,2689,2694
ggaacc,6,1438,3070,3075
ggaacc,6,1412,1412,1417
acgggg,6,1043,2053,2058
acgggg,6,422,2480,2485
gccagc,6,1024,2426,2431
gccagc,6,1397,1397,1402
ggattc,6,1287,2212,2217
ctcact,6,947,947,952
ctcact,6,44,1325,1330
cttgat,6,951,951,956
cttgat,6,990,1946,1951
atgtga,6,1415,2804,2809
atgtga,6,1384,1384,1389
gataac,6,954,954,959
gataac,6,407,1366,1371
gataac,6,1445,3017,3022
ctcact,6,324,1276,1281
ggattc,6,920,920,925
tccgcc,6,1454,1454,1459
tccgcc,6,141,1600,1605
caagtc,6,606,1490,1495
gtctgg,6,882,882,887
gtctgg,6,1096,2882,2887
ctggaa,6,884,884,889
ctggaa,6,655,1544,1549
tggaaa,6,885,885,890
tggaaa,6,1279,2702,2707
aaaacg,6,244,2477,2482
aaaacg,6,868,2228,2233
ccgccc,6,876,2336,2341
ccgccc,6,1455,1455,1460
caagct,6,899,899,904
caagct,6,779,1683,1688
aagctc,6,900,900,905
aagctc,6,643,1548,1553
aaaaac,6,326,2558,2563
aaaaac,6,869,2227,2232
ctcgag,6,887,3094,3099
ctcgag,6,894,2202,2207
ccttat,6,959,959,964
ccttat,6,766,1730,1735
tttttg,6,964,964,969
tttttg,6,1016,1985,1990
gttacc,6,889,1918,1923
tatcca,6,93,2966,2971
tatcca,6,1514,2868,2873
ccagga,6,1028,1028,1033
ccagga,6,376,1409,1414
caggac,6,1029,1029,1034
caggac,6,480,1514,1519
accttg,6,1033,1033,1038
accttg,6,1403,2441,2446
ccttgc,6,1034,1034,1039
ccttgc,6,1411,2450,2455
ttcttt,6,1042,1042,1047
ttcttt,6,183,1230,1235
ttcttt,6,1486,2840,2845
ttcttt,6,84,2929,2934
tatcca,6,1349,1349,1354
ggttat,6,1535,2886,2891
ggttat,6,1346,1346,1351
tacggt,6,1497,2845,2850
gttacc,6,1024,1024,1029
ctcggt,6,232,1293,1298
cgcaga,6,990,2011,2016
gggata,6,1364,1364,1369
agggga,6,973,973,978
agggga,6,384,1362,1367
caggaa,6,32,1410,1415
caggaa,6,1373,1373,1378
gaaatt,6,977,977,982
gaaatt,6,1304,2769,2774
ggataa,6,1449,2819,2824
ggataa,6,1365,1365,1370
ataggt,6,984,984,989
ataggt,6,1190,2890,2895
gttgta,6,988,988,993
gttgta,6,1368,2361,2366
gtatat,6,784,2963,2968
gtatat,6,922,2174,2179
gttgga,6,999,999,1004
gttgga,6,1028,3067,3072
tcggaa,6,1009,1009,1014
tcggaa,6,911,1925,1930
gggata,6,1514,2946,2951
cgcaga,6,1016,1016,1021
gatgag,6,1470,2778,2783
tagctc,6,298,1941,1946
tctgct,6,254,254,259
aacaaa,6,1312,1958,1963
aacaaa,6,294,2257,2262
aagcca,6,178,178,183
aagcca,6,1362,1912,1917
aagcca,6,476,2393,2398
agccac,6,179,179,184
agccac,6,1481,1794,1799
aagttg,6,604,2492,2497
gcggtg,6,139,1976,1981
tctcaa,6,191,191,196
tctcaa,6,1261,2026,2031
tctcaa,6,537,2568,2573
gcggtg,6,1264,1832,1837
agcgag,6,488,2311,2316
agcgag,6,1278,1818,1823
taatat,6,401,2865,2870
ctgatg,6,202,202,207
ctgatg,6,415,622,627
taatat,6,637,2459,2464
aacaaa,6,174,174,179
cttgcg,6,166,2622,2627
tcaaca,6,971,2297,2302
aagttg,6,568,3065,3070
ttcaac,6,20,171,176
ttcaac,6,185,361,366
gttctt,6,1078,2928,2933
gttctt,6,1251,1845,1850
aactca,6,149,149,154
aactca,6,1165,2080,2085
aactca,6,447,2532,2537
aactca,6,483,3020,3025
tcagca,6,152,152,157
tcagca,6,812,2436,2441
acgttt,6,586,2510,2515
attggc,6,37,2545,2550
aaagtt,6,158,158,163
aaagtt,6,190,3064,3069
agttcg,6,160,160,165
agttcg,6,1495,1660,1665
gctaca,6,29,1871,1876
gctaca,6,1259,1837,1842
attggc,6,593,2503,2508
tcaaca,6,172,172,177
ttcaac,6,146,146,151
cttgcg,6,645,2451,2456
ggtttt,6,1115,1981,1986
cggcat,6,20,2431,2436
cggcat,6,690,2406,2411
gtaaca,6,801,2608,2613
gtaaca,6,1294,1802,1807
ctggta,6,166,1970,1975
gatgag,6,598,1152,1157
tctgct,6,1445,1905,1910
tgctta,6,256,256,261
tgctta,6,521,2831,2836
gcttac,6,257,257,262
gcttac,6,1322,1584,1589
ataaac,6,263,263,268
ataaac,6,786,2573,2578
aaacag,6,265,265,270
aaacag,6,391,661,666
ctggta,6,1297,1799,1804
actggt,6,721,2524,2529
actggt,6,1298,1798,1803
agcagc,6,201,1997,2002
gatgaa,6,684,2412,2417
catcag,6,349,2788,2793
gtaaca,6,100,2713,2718
atgaac,6,238,238,243
ggtttt,6,612,2598,2603
cattgc,6,211,211,216
cattgc,6,549,2758,2763
attgca,6,212,212,217
attgca,6,913,1130,1135
catcag,6,662,2434,2439
cctgaa,6,582,3005,3010
aagata,6,219,219,224
aagata,6,1300,1524,1529
cctgaa,6,678,2418,2423
gaacct,6,651,3071,3076
agcaga,6,182,2000,2005
agcaga,6,1283,1813,1818
gaacct,6,681,2415,2420
gatgaa,6,261,2678,2683
tcatca,6,233,233,238
tcatca,6,542,2787,2792
catgaa,6,237,237,242
catgaa,6,573,815,820
atgaac,6,921,2413,2418
agcagc,6,1305,1791,1796
tgaagt,6,1246,1850,1855
ctacgg,6,1230,1866,1871
taggcg,6,51,51,56
taggcg,6,1318,1829,1834
aggcgt,6,52,52,57
aggcgt,6,1475,1532,1537
gcgtat,6,54,54,59
gcgtat,6,696,2454,2459
gtatca,6,56,56,61
gtatca,6,1257,1318,1323
tatcac,6,57,57,62
tatcac,6,416,2737,2742
atcacg,6,58,58,63
atcacg,6,746,809,814
acgagg,6,61,61,66
acgagg,6,904,970,975
cgaggc,6,62,62,67
cgaggc,6,954,2204,2209
gcagaa,6,66,66,71
gcagaa,6,1150,2012,2017
cagaat,6,67,67,72
gaaaaa,6,537,2557,2562
cagaat,6,1283,1355,1360
ccagct,6,354,2742,2747
gtcttt,6,344,2752,2757
acaaac,6,437,2401,2406
acaaac,6,1137,1959,1964
gtcttt,6,92,2849,2854
gaaacc,6,16,16,21
gaaacc,6,1484,1505,1510
aaacca,6,17,17,22
aaacca,6,1152,1961,1966
cattat,6,21,21,26
cattat,6,63,3054,3059
ttgatc,6,89,2041,2046
ttgatc,6,1149,1947,1952
tatcat,6,27,27,32
tatcat,6,199,231,236
cattaa,6,35,35,40
cattaa,6,761,2370,2375
taacct,6,38,38,43
taacct,6,913,956,961
agttgg,6,1126,3066,3071
agttgg,6,1161,1935,1940
ccagct,6,124,2871,2876
tgaagt,6,297,2152,2157
atttca,6,71,71,76
tttcag,6,72,72,77
ttcgct,6,97,97,102
ttcgct,6,1517,1676,1681
aaggat,6,103,103,108
aaggat,6,1178,2021,2026
aaggat,6,92,2118,2123
ggatga,6,105,105,110
ggatga,6,424,2777,2782
gatgat,6,106,106,111
gatgat,6,513,624,629
acacta,6,847,2726,2731
gaaact,6,105,2640,2645
tttctg,6,111,111,116
tttctg,6,391,507,512
gaaact,6,566,2530,2535
acgttt,6,170,2685,2690
tgatcc,6,140,140,145
tgatcc,6,1288,1948,1953
acacta,6,1222,1874,1879
ctacgg,6,180,2051,2056
gctttc,6,1530,1629,1634
atttca,6,117,3050,3055
gctttc,6,94,94,99
tatttg,6,568,2462,2467
tttcag,6,480,2688,2693
gaaaaa,6,82,2015,2020
gaaaaa,6,1168,1928,1933
cggaaa,6,717,2648,2653
gccgga,6,165,2816,2821
cggaaa,6,1170,1926,1931
gctgaa,6,961,2874,2879
gctgaa,6,1188,1908,1913
ttggta,6,40,1937,1942
aaatcc,6,85,85,90
aaatcc,6,921,2260,2265
aatcct,6,86,86,91
aatcct,6,1022,1113,1118
atcctt,6,87,87,92
atcctt,6,50,142,147
atcctt,6,1202,2036,2041
atcctt,6,93,2134,2139
gccgga,6,450,2646,2651
ttggta,6,1204,1892,1897
tatttg,6,1207,1889,1894
tactag,6,295,295,300
ctcgct,6,1272,1272,1277
gcctaa,6,300,300,305
taacta,6,118,1863,1868
taacta,6,1356,1740,1745
ggtaac,6,58,1801,1806
ggtaac,6,1358,1738,1743
ctatcg,6,470,470,475
ctatcg,6,1268,1743,1748
tatcgc,6,471,471,476
tatcgc,6,1302,1778,1783
actatc,6,1354,1742,1747
ttgtat,6,477,477,482
tgggaa,6,482,482,487
tgggaa,6,169,656,661
atccgg,6,211,1950,1955
atccgg,6,1362,1734,1739
cttatc,6,40,1776,1781
cttatc,6,1365,1731,1736
cgatgc,6,491,491,496
cgatgc,6,651,2936,2941
ttgtat,6,507,989,994
gtgtag,6,964,2635,2640
actatc,6,981,2728,2733
atcgtc,6,903,2653,2658
tatggg,6,420,420,425
tatggg,6,55,480,485
ggtata,6,424,424,429
ggtata,6,558,2962,2967
gtataa,6,425,425,430
gtataa,6,1065,2456,2461
ataaat,6,427,427,432
ataaat,6,694,1126,1131
atcgtc,6,1351,1745,1750
tgggct,6,432,432,437
cgcgat,6,438,438,443
cgcgat,6,204,647,652
cgataa,6,440,440,445
cgataa,6,520,3016,3021
gataat,6,441,441,446
tactag,6,11,311,316
tcttga,6,93,1847,1852
tcttga,6,1347,1749,1754
tgggct,6,1251,1688,1693
gtgtag,6,1430,1666,1671
tgcgcc,6,494,494,499
tgcgcc,6,234,733,738
caaagg,6,521,521,526
caaagg,6,805,1331,1336
atctca,6,365,2025,2030
atctca,6,1441,1655,1660
agcgtt,6,528,528,533
agcgtt,6,1376,2248,2253
ttgcca,6,532,532,537
ttgcca,6,369,906,911
ggcaaa,6,755,1954,1959
ttgcca,6,125,1036,1041
atgatg,6,538,538,543
atgatg,6,82,625,630
atgatg,6,1311,2410,2415
taggta,6,1236,2891,2896
taggta,6,1446,1650,1655
cagatg,6,547,547,552
cagatg,6,1378,2265,2270
gatgag,6,549,549,554
ttgcca,6,1372,2760,2765
ggcaaa,6,670,1194,1199
ggcaaa,6,519,519,524
aaacat,6,1049,2560,2565
tgcgcc,6,988,1726,1731
cgccag,6,496,496,501
cgccag,6,1167,2425,2430
ccagag,6,498,498,503
ccagag,6,923,2671,2676
tcagtt,6,1027,2690,2695
tcagtt,6,1438,1658,1663
agttgt,6,502,502,507
agttgt,6,1105,2493,2498
ttgttt,6,504,504,509
ttgttt,6,1479,1988,1993
ctcagt,6,404,2066,2071
ctcagt,6,1439,1657,1662
ctgaaa,6,510,510,515
ctgaaa,6,695,2911,2916
ctgaaa,6,90,3006,3011
tgaaac,6,511,511,516
tgaaac,6,1078,2529,2534
aaacat,6,513,513,518
atatgg,6,676,1100,1105
atatgg,6,419,419,424
gataat,6,664,1110,1115
ctcccg,6,206,591,596
gcgctt,6,1233,1627,1632
gcgctt,6,389,389,394
gtccgc,6,1209,1599,1604
gtccgc,6,385,385,390
tgatct,6,306,306,311
tgatct,6,1360,2042,2047
cgggaa,6,366,366,371
tgatct,6,996,3043,3048
gatcta,6,307,307,312
gatcta,6,1112,2291,2296
ctcccg,6,380,380,385
actaga,6,312,312,317
gctccc,6,1166,1550,1555
gctccc,6,379,379,384
actaga,6,1532,1876,1881
agccat,6,354,354,359
agccat,6,1056,2394,2399
cgggaa,6,1245,1616,1621
gggaaa,6,367,367,372
gggaaa,6,285,657,662
aacggg,6,364,364,369
gggaaa,6,313,975,980
gggaaa,6,1486,2585,2590
cgctta,6,390,390,395
cgccac,6,1315,1781,1786
gaaacg,6,708,1082,1087
cgccac,6,828,2614,2619
aaacgt,6,370,370,375
gccata,6,689,2762,2767
aaacgt,6,783,2683,2688
gccata,6,355,355,360
gaaacg,6,369,369,374
cgctta,6,1188,1583,1588
aacggg,6,981,2479,2484
taaact,6,1305,2185,2190
acgctg,6,1230,1644,1649
acgctg,6,409,409,414
gacgct,6,573,2062,2067
gacgct,6,1071,1484,1489
taaact,6,394,394,399
gacgct,6,408,408,413
tggacg,6,590,1001,1006
tggacg,6,406,406,411
tcttga,6,93,1945,1950
gtttgc,6,698,2693,2698
gtttgc,6,1106,1990,1995
tccaac,6,1352,1756,1761
ctgatt,6,274,691,696
tatatg,6,418,418,423
gcctaa,6,1536,1860,1865
tatatg,6,448,2630,2635
aatgat,6,228,537,542
aaactc,6,395,395,400
tatatg,6,1337,2177,2182
aaactc,6,447,2531,2536
actcca,6,397,397,402
aaactc,6,1412,2079,2084
actcca,6,825,2668,2673
ctccaa,6,398,398,403
ctccaa,6,1277,1680,1685
tccaac,6,399,399,404
aatgat,6,304,304,309
ctgatt,6,412,412,417
gcagcag,7,203,1998,2004
aacagga,7,489,2299,2305
agggatt,7,1004,2091,2097
atcgcca,7,638,2423,2429
agggatt,7,444,2541,2547
tgtaggt,7,1447,1648,1654
aacagga,7,1291,1804,1810
ccttcgg,7,304,1922,1928
gcagcag,7,1306,1789,1795
actgact,7,1279,1279,1285
gctcact,7,43,1324,1330
gctcact,7,1275,1275,1281
ttttttt,7,987,2976,2982
ttttttt,7,1112,1983,1989
ggtatct,7,236,1894,1900
ggtatct,7,1443,1652,1658
tggtagc,7,1157,1938,1944
tggtagc,7,27,1971,1977
ccccctg,7,1459,1459,1465
ccccctg,7,75,1540,1546
actgact,7,1468,2906,2912
tccacag,7,1351,1351,1357
acgaaaa,7,1020,2075,2081
ctttctc,7,19,1630,1636
tccaagc,7,1414,1681,1687
tccaagc,7,620,2307,2313
accgctg,7,1374,1721,1727
aggcggt,7,1334,1334,1340
accgctg,7,239,1966,1972
aggcggt,7,490,1830,1836
tggaagc,7,839,2390,2396
tggaagc,7,1545,1545,1551
tgagcaa,7,1507,2900,2906
tgagcaa,7,1387,1387,1393
ccggtaa,7,1359,1736,1742
ccggtaa,7,20,1762,1768
aagaaca,7,497,1881,1887
aagaaca,7,1378,1378,1384
cccggta,7,1334,1761,1767
gagttct,7,1252,1843,1849
gagttct,7,422,2271,2277
cccggta,7,1268,3035,3041
ccttcgg,7,1483,1612,1618
atcgcca,7,1316,1779,1785
accgtaa,7,1184,2605,2611
ctttctc,7,1490,1605,1611
ggcgttt,7,90,1533,1539
ccggata,7,1222,2817,2823
ccggata,7,1506,1589,1595
ggcgttt,7,1437,1437,1443
tgatctt,7,1053,2042,2048
cggtgta,7,1431,1664,1670
attacgc,7,1090,2005,2011
attacgc,7,317,2328,2334
cggtgta,7,1039,2709,2715
tgatctt,7,995,3043,3049
gaagcca,7,475,2392,2398
acgaaaa,7,474,2555,2561
tccacag,7,88,1445,1451
gaagcca,7,1184,1911,1917
actcaaa,7,1328,1328,1334
actcaaa,7,1402,3021,3027
accgtaa,7,1415,1415,1421
tgtaggt,7,13,1667,1673
cggtggt,7,975,2958,2964
gcttcct,7,1267,1267,1273
ttctgaa,7,1351,2252,2258
ttctgaa,7,508,508,514
agagttg,7,1427,1933,1939
agagttg,7,500,500,506
cagagtt,7,1336,1841,1847
cagagtt,7,499,499,505
gatgcgc,7,216,714,720
gatgcgc,7,492,492,498
gcccgat,7,499,3084,3090
gcccgat,7,488,488,494
agcccga,7,1222,1715,1721
agcccga,7,487,487,493
ggaagcc,7,1188,2391,2397
ggaagcc,7,484,484,490
gggaagc,7,1128,1617,1623
gggaagc,7,483,483,489
atctatc,7,1271,2292,2298
atctatc,7,468,468,474
caatcta,7,1396,2165,2171
caatcta,7,466,466,472
tcaggtg,7,234,696,702
tcaggtg,7,456,456,462
aatcagg,7,898,1358,1364
aatcagg,7,454,454,460
gcaatca,7,348,806,812
gcaatca,7,452,452,458
cgggcaa,7,749,2795,2801
ggtagcg,7,525,525,531
cgggcaa,7,449,449,455
ggtagcg,7,1441,1972,1978
gcgttgc,7,894,1429,1435
gcttcct,7,1369,2993,2999
tgatgcg,7,114,833,839
tgatgcg,7,81,713,719
tgatgcg,7,626,626,632
tcctgat,7,420,1115,1121
tcctgat,7,63,689,695
tcctgat,7,620,620,626
ctcctga,7,711,3003,3009
ctcctga,7,619,619,625
ttatccg,7,1116,1732,1738
ttatccg,7,610,610,616
catttta,7,715,2986,2992
catttta,7,606,606,612
aagcatt,7,1324,2374,2380
aagcatt,7,603,603,609
cccgacc,7,1118,1717,1723
cccgacc,7,593,593,599
atgcctc,7,764,2916,2922
atgcctc,7,585,585,591
tggctga,7,1118,2547,2553
tggctga,7,570,570,576
tctgaac,7,1405,2253,2259
tctgaac,7,563,563,569
atgagat,7,1548,2104,2110
atgagat,7,550,550,556
ttacaga,7,527,1077,1083
ttacaga,7,544,544,550
gcgttgc,7,529,529,535
actcacc,7,1200,2533,2539
acatgga,7,1111,2387,2393
aacatgg,7,106,514,520
tccttca,7,921,1070,1076
tccttca,7,143,143,149
gatcctt,7,92,2133,2139
gatcctt,7,1201,2035,2041
gatcctt,7,141,141,147
tcaccgt,7,492,2603,2609
ttagctt,7,196,2990,2996
ttagctt,7,91,91,97
tcaccgt,7,138,2747,2753
aaaaatc,7,1388,1477,1483
aaaaatc,7,83,83,89
aaaaaat,7,152,3025,3031
aaaaaat,7,82,82,88
aaaaaaa,7,1159,2016,2022
aaaaaaa,7,80,80,86
gtggtat,7,436,2659,2665
gtggtat,7,295,2960,2966
aacggtg,7,388,2707,2713
aacggtg,7,243,2956,2962
ctataaa,7,1471,1519,1525
ctataaa,7,42,42,48
atcatga,7,201,235,241
atcatga,7,28,28,34
attatca,7,1011,2109,2115
attatca,7,25,25,31
acggtct,7,249,2846,2852
acggtct,7,27,2879,2885
tcaactc,7,147,147,153
acatgga,7,403,403,409
tcaactc,7,152,3090,3096
ttcgatt,7,578,746,752
aacatgg,7,402,402,408
agcattc,7,401,2782,2788
catggaa,7,707,2388,2394
tcaacgg,7,503,2954,2960
tcaacgg,7,362,362,368
catattc,7,889,2563,2569
catattc,7,357,357,363
ccatatt,7,952,2499,2505
ccatatt,7,356,356,362
acaaggg,7,654,2716,2722
acaaggg,7,275,275,281
gtaatac,7,1063,1339,1345
gtaatac,7,270,270,276
aacagta,7,1477,1884,1890
aacagta,7,266,266,272
aaaactg,7,821,2521,2527
aaaactg,7,247,247,253
catggaa,7,306,2700,2706
tgaacaa,7,1374,2255,2261
tgaacaa,7,630,875,881
tgaacaa,7,239,239,245
aatatat,7,694,2628,2634
aatatat,7,227,227,233
tacattg,7,409,2895,2901
tacattg,7,209,209,215
gatttat,7,243,414,420
gatttat,7,165,165,171
ttcgatt,7,162,162,168
ctcacca,7,639,639,645
actcacc,7,638,638,644
agcattc,7,720,2375,2381
tcaaaaa,7,1013,2113,2119
tcaaaaa,7,1094,1094,1100
ctttttc,7,131,1226,1232
ctttttc,7,1089,1089,1095
aaacggc,7,1314,2403,2409
aaacggc,7,1083,1083,1089
tcattac,7,1202,2282,2288
tcattac,7,1074,1074,1080
ttcatta,7,678,3052,3058
ttcatta,7,1289,2368,2374
ttcatta,7,1073,1073,1079
aactgcc,7,1503,2642,2648
tcaaaaa,7,904,3023,3029
aactgcc,7,1050,1050,1056
ttggaac,7,1046,1046,1052
taccagg,7,496,1528,1534
taccagg,7,1026,1026,1032
atcgcag,7,1330,2350,2356
atcgcag,7,1014,1014,1020
gaatcgc,7,1403,2421,2427
gaatcgc,7,1012,1012,1018
aaattaa,7,1158,2142,2148
aaattaa,7,978,978,984
ctcacca,7,1517,2217,2223
gggaaat,7,975,975,981
atatatg,7,919,2176,2182
ttggaac,7,1073,3068,3074
atatatg,7,447,2629,2635
caaaaat,7,1095,1095,1101
tggtatt,7,1103,1103,1109
agattac,7,751,2003,2009
agattac,7,1246,1246,1252
tatcaaa,7,984,2111,2117
tatcaaa,7,205,2322,2328
atcaaaa,7,983,2112,2118
atcaaaa,7,400,2518,2524
gggcaag,7,1502,2796,2802
gggcaag,7,1203,1203,1209
caaaaaa,7,1267,3024,3030
caaaaaa,7,1196,1196,1202
ttttcta,7,882,2047,2053
ttttcta,7,1159,1159,1165
caaaaat,7,375,1476,1482
tttttct,7,135,2978,2984
tttttct,7,63,1227,1233
tttttct,7,1158,1158,1164
gtttttc,7,277,1440,1446
gtttttc,7,1157,1157,1163
gctcgat,7,1162,2316,2322
gctcgat,7,1148,1148,1154
tttcatt,7,290,3051,3057
tttcatt,7,1477,2755,2761
tttcatt,7,1137,1137,1143
ttaaaaa,7,950,2145,2151
ttaaaaa,7,702,2853,2859
tggtatt,7,1538,2660,2666
tttttct,7,1485,2837,2843
ttgataa,7,150,1108,1114
gggaaat,7,1485,2585,2591
tttctca,7,681,1631,1637
ttgctca,7,1196,2695,2701
ttgctca,7,796,796,802
gttctga,7,844,2251,2257
gttctga,7,16,2273,2279
cggtggt,7,1118,1977,1983
tcctgtt,7,808,1566,1572
tcctgtt,7,752,752,758
ctgcgcc,7,987,1725,1731
ctgcgcc,7,732,732,738
gctggcc,7,140,865,871
gctggcc,7,719,719,725
tatcaac,7,800,2295,2301
tgaaaat,7,789,3007,3013
tgaaaat,7,701,701,707
tatcaac,7,651,2952,2958
ctcgata,7,778,2317,2323
gattcag,7,222,921,927
gattcag,7,693,693,699
ctcgata,7,691,3014,3020
atatcaa,7,774,2321,2327
aatatcc,7,914,2866,2872
aatatcc,7,685,685,691
atatcaa,7,624,2951,2957
tacgccc,7,765,2330,2336
ggaaaac,7,1050,2703,2709
ggaaaac,7,658,658,664
tacgccc,7,695,3031,3037
ttgataa,7,952,952,958
tcaggcg,7,1105,2790,2796
tcaggcg,7,800,800,806
accggat,7,917,917,923
cactcat,7,1407,2345,2351
ctcatgg,7,934,934,940
ctcatgg,7,1331,2698,2704
tcactca,7,931,931,937
accggat,7,665,1588,1594
aaacttg,7,632,2824,2830
ctcaccg,7,1263,2746,2752
ctcaccg,7,914,914,920
agctcga,7,895,2200,2206
agctcga,7,109,2315,2321
cactcat,7,932,932,938
gaaatgc,7,1073,2913,2919
cgagcgt,7,1386,2246,2252
cgagcgt,7,854,854,860
tttgatg,7,290,1142,1148
tttgatg,7,846,846,852
gattttg,7,1245,2094,2100
gattttg,7,843,843,849
aaacttg,7,909,2186,2192
tttctca,7,944,944,950
gaaatgc,7,891,891,897
tcactca,7,389,1326,1332
ggtctgac,8,1037,2057,2064
ggtctgac,8,128,2192,2199
gaaaacgg,8,221,2704,2711
ttttaaat,8,12,2157,2164
aaactcac,8,445,2531,2538
aaactcac,8,1015,2079,2086
gaaaacgg,8,618,2476,2483
acgcccgg,8,863,2231,2238
acgcccgg,8,794,3032,3039
tgaaaacg,8,619,2475,2482
tgaaaacg,8,198,2680,2687
ttttaaat,8,956,2138,2145
agctcttg,8,901,901,908
atatccag,8,91,2965,2972
cagagcga,8,1279,1815,1822
ataaaact,8,518,2821,2828
tcaccacc,8,640,640,647
tcaccacc,8,566,1213,1220
accaccgc,8,642,642,649
accaccgc,8,1314,1963,1970
tagaagaa,8,679,679,686
tagaagaa,8,1192,1878,1885
atcctgat,8,688,688,695
atcctgat,8,419,1114,1121
ggtgaaaa,8,699,699,706
ataaaact,8,245,245,252
ggtgaaaa,8,1320,2473,2480
ttgtaatt,8,1490,2362,2369
tcgtcttg,8,791,791,798
cagagcga,8,850,2672,2679
atgaataa,8,816,816,823
atgaataa,8,299,1122,1129
tgacgagc,8,851,851,858
tgacgagc,8,606,1464,1471
ggaaagaa,8,886,886,893
ggaaagaa,8,482,1375,1382
atatccag,8,227,2867,2874
ttgtaatt,8,758,758,765
caataaaa,8,1115,2222,2229
caataaaa,8,243,243,250
atatatca,8,373,2949,2956
aaataggc,8,48,48,55
aaataggc,8,554,2588,2595
ataaaaaa,8,78,78,85
ataaaaaa,8,948,2224,2231
tgatttct,8,108,108,115
tgatttct,8,826,941,948
GCGGCCGC,8,123,123,130
GCGGCCGC,8,1048,1178,1185
tattcaac,8,169,169,176
tattcaac,8,183,359,366
gccacgtt,8,180,180,187
gccacgtt,8,767,2507,2514
ctcaaaat,8,192,192,199
ctcaaaat,8,366,2920,2927
aaaatctc,8,195,195,202
aaaatctc,8,280,3009,3016
gttacatt,8,207,207,214
gttacatt,8,526,740,747
tgcacaag,8,214,214,221
tgcacaag,8,674,895,902
aaaaatat,8,224,224,231
aaaaatat,8,865,1096,1103
atatatca,8,228,228,235
agctcttg,8,1034,1942,1949
catggtga,8,936,936,943
tcgtcttg,8,948,1746,1753
tgcgctct,8,1535,1559,1566
tgcgctct,8,334,1900,1907
aggccagg,8,1179,2592,2599
aaaaaagg,8,1197,1197,1204
aaaaaagg,8,813,2017,2024
accctgcc,8,1218,1218,1225
accctgcc,8,351,1576,1583
gacgctca,8,571,2062,2069
gacgctca,8,1484,1484,1491
cgctgcgc,8,1286,1286,1293
cgctgcgc,8,430,1723,1730
ctgcgctc,8,1288,1288,1295
ctgcgctc,8,604,1899,1906
catggtga,8,1527,2470,2477
cagctcac,8,1322,1322,1329
cagctcac,8,1414,2743,2750
tgaataaa,8,1410,2807,2814
tgaataaa,8,1123,1123,1130
aggccagg,8,1406,1406,1413
gagtccaa,8,1341,1753,1760
ttttctcc,8,1180,2979,2986
ttttctcc,8,1065,1065,1072
tgagtttt,8,86,1154,1161
tgagtttt,8,1061,1061,1068
gagtccaa,8,544,2304,2311
gccactgg,8,1312,1782,1789
gccactgg,8,6,1795,1802
gtattgat,8,991,991,998
gtattgat,8,107,1105,1112
ttctttacg,9,81,2929,2937
ttctttacg,9,253,2840,2848
ataaaaata,9,44,44,52
atggtgaaa,9,622,2471,2479
ataaaaata,9,170,222,230
atggtgaaa,9,579,3058,3066
catcacaaa,9,1471,1471,1479
agatccttt,9,1059,2034,2042
tccttagct,9,88,88,96
catcacaaa,9,918,2397,2405
agataaaaa,9,76,76,84
cagcaaaag,9,1238,1399,1407
agataaaaa,9,136,220,228
cagcaaaag,9,153,153,161
tccttagct,9,185,2996,3004
agatccttt,9,90,2132,2140
attctcacc,9,1295,2214,2222
ggtcgttcg,9,367,1671,1679
tccggcaaa,9,1191,1191,1199
cttattttt,9,960,960,968
cttattttt,9,1220,2833,2841
agtgatttt,9,962,2971,2979
agtgatttt,9,840,840,848
tccttttaa,9,1360,2135,2143
tccttttaa,9,767,767,775
gttgatgcg,9,112,831,839
gttgatgcg,9,711,711,719
attctcacc,9,911,911,919
cgattcctg,9,91,748,756
cgattcctg,9,649,649,657
tccggcaaa,9,752,1951,1959
tctttaaaa,9,1231,1231,1239
tctttaaaa,9,1474,2850,2858
ggtcgttcg,9,1296,1296,1304
tttttcttta,10,1482,2837,2846
tgatgttaca,10,327,539,548
tgatgttaca,10,203,203,212
tttaaatcaa,10,346,2513,2522
tttaaatcaa,10,934,2158,2167
cgtcttgctc,10,373,373,382
cgtcttgctc,10,410,792,801
tttttcttta,10,1227,1227,1236
taaaaaggccg,11,1425,2854,2864
taaaaaggccg,11,1419,1419,1429
aaaaaggatct,11,1073,2018,2028
aaaaaggatct,11,87,2115,2125
cttgccattct,11,905,905,915
cttgccattct,11,120,1035,1045
agcaaaaggccag,13,1389,1389,1401
agcaaaaggccag,13,-1,1400,1412
acctgacgtctaagaaa,17,3,3,19
cacctgacgtctaagaa,17,2,2,18
cctgacgtctaagaaac,17,4,4,20
ccacctgacgtctaaga,17,1,1,17
